Ticker,Sector,Price,RSI,ATR,Vol_Rel,PE,ROE,profit_margin,intrinsic_value,margin_of_safety,dcf_confidence,dcf_method,growth_rate,Sentiment,Headline,LLM_Reasoning,Articles_JSON,Geo_Risk,short_interest,position_size,risk_level,daily_volatility,Last_Updated,Oracle_Score,AI_Verdict
NVDA,AI_Tech,230.32,59.6,5.2971,0.64,29.11,117.21,63.66,191.9,-16.7,High,cf_df+cagr,35.0,0.0,No recent news,Feed unavailable,"[{""headline"":""No recent news"",""score"":0.0,""label"":""Neutral"",""reason"":""Feed unavailable"",""geo_risk"":false,""pub_date"":"""",""link"":""""}]",False,1.27,43.5,Medium,2.3,2026-09-30 19:49,37.8,HIGH QUALITY: Strong ROE & margins | NEWS: Feed unavailable
MSFT,AI_Tech,516.72,62.1,11.9028,0.64,28.75,34.04,40.3,124.63,-75.9,High,cf_df+cagr,4.0,0.0,No recent news,Feed unavailable,"[{""headline"":""No recent news"",""score"":0.0,""label"":""Neutral"",""reason"":""Feed unavailable"",""geo_risk"":false,""pub_date"":"""",""link"":""""}]",False,0.91,43.4,Medium,2.3,2026-09-30 19:49,29.1,RED OVERVALUED: Above intrinsic value | HIGH QUALITY: Strong ROE & margins | NEWS: Feed unavailable
GOOGL,AI_Tech,348.34,53.5,8.9286,0.78,17.47,48.68,54.77,225.85,-35.2,High,cf_df+cagr,6.9,0.0,No recent news,Feed unavailable,"[{""headline"":""No recent news"",""score"":0.0,""label"":""Neutral"",""reason"":""Feed unavailable"",""geo_risk"":false,""pub_date"":"""",""link"":""""}]",False,1.49,39.0,Medium,2.56,2026-09-30 19:49,38.5,RED OVERVALUED: Above intrinsic value | HIGH QUALITY: Strong ROE & margins | NEWS: Feed unavailable
AAPL,AI_Tech,335.23,56.3,6.6921,0.66,38.4,148.75,27.62,68.4,-79.6,High,cf_df+cagr,-3.9,0.0,No recent news,Feed unavailable,"[{""headline"":""No recent news"",""score"":0.0,""label"":""Neutral"",""reason"":""Feed unavailable"",""geo_risk"":false,""pub_date"":"""",""link"":""""}]",False,0.88,50.0,Medium,2.0,2026-09-30 19:49,33.1,RED OVERVALUED: Above intrinsic value | HIGH QUALITY: Strong ROE & margins | NEWS: Feed unavailable
AMD,AI_Tech,613.87,66.6,25.8114,0.59,155.41,10.2,15.58,166.37,-72.9,High,cf_df+cagr,29.3,0.0,No recent news,Feed unavailable,"[{""headline"":""No recent news"",""score"":0.0,""label"":""Neutral"",""reason"":""Feed unavailable"",""geo_risk"":false,""pub_date"":"""",""link"":""""}]",False,2.46,23.8,Medium,4.2,2026-09-30 19:49,12.3,RED OVERVALUED: Above intrinsic value | NEWS: Feed unavailable
PLTR,AI_Tech,187.63,60.9,5.7051,0.43,159.01,38.1,49.01,47.54,-74.7,High,cf_df+cagr,35.0,0.0,No recent news,Feed unavailable,"[{""headline"":""No recent news"",""score"":0.0,""label"":""Neutral"",""reason"":""Feed unavailable"",""geo_risk"":false,""pub_date"":"""",""link"":""""}]",False,2.8,32.9,Medium,3.04,2026-09-30 19:49,30.3,RED OVERVALUED: Above intrinsic value | HIGH QUALITY: Strong ROE & margins | NEWS: Feed unavailable
SMCI,AI_Tech,41.22,56.9,2.4021,0.65,12.64,21.47,5.71,108.61,163.5,Medium,cf_df,35.0,0.0,No recent news,Feed unavailable,"[{""headline"":""No recent news"",""score"":0.0,""label"":""Neutral"",""reason"":""Feed unavailable"",""geo_risk"":false,""pub_date"":"""",""link"":""""}]",False,18.82,17.2,High,5.83,2026-09-30 19:49,57.7,GREEN STRONG VALUE: Deep discount to intrinsic value | SHORT PRESSURE: 18.8% of float | NEWS: Feed unavailable
TSM,AI_Tech,458.05,65.8,10.0754,0.7,34.11,39.97,49.92,6613.79,1343.9,High,cf_df+cagr,24.0,0.0,No recent news,Feed unavailable,"[{""headline"":""No recent news"",""score"":0.0,""label"":""Neutral"",""reason"":""Feed unavailable"",""geo_risk"":false,""pub_date"":"""",""link"":""""}]",False,0.57,45.5,Medium,2.2,2026-09-30 19:49,64.9,GREEN STRONG VALUE: Deep discount to intrinsic value | HIGH QUALITY: Strong ROE & margins | NEWS: Feed unavailable
META,AI_Tech,731.66,62.7,29.6491,0.53,27.59,29.85,29.83,943.3,28.9,High,cf_df+cagr,33.7,0.0,No recent news,Feed unavailable,"[{""headline"":""No recent news"",""score"":0.0,""label"":""Neutral"",""reason"":""Feed unavailable"",""geo_risk"":false,""pub_date"":"""",""link"":""""}]",False,1.41,24.7,Medium,4.05,2026-09-30 19:50,52.7,YELLOW FAIR VALUE: Modest upside | HIGH QUALITY: Strong ROE & margins | NEWS: Feed unavailable
TSLA,AI_Tech,352.0,44.4,10.7829,0.81,323.08,4.67,3.67,21.62,-93.9,High,cf_df+cagr,-6.3,0.0,No recent news,Feed unavailable,"[{""headline"":""No recent news"",""score"":0.0,""label"":""Neutral"",""reason"":""Feed unavailable"",""geo_risk"":false,""pub_date"":"""",""link"":""""}]",False,1.95,32.6,Medium,3.06,2026-09-30 19:50,20.4,RED OVERVALUED: Above intrinsic value | NEWS: Feed unavailable
CRM,AI_Tech,229.67,47.8,8.257,0.49,21.24,19.38,21.99,704.3,206.7,High,cf_df+cagr,31.6,0.0,No recent news,Feed unavailable,"[{""headline"":""No recent news"",""score"":0.0,""label"":""Neutral"",""reason"":""Feed unavailable"",""geo_risk"":false,""pub_date"":"""",""link"":""""}]",False,4.54,27.8,Medium,3.6,2026-09-30 19:50,65.8,GREEN STRONG VALUE: Deep discount to intrinsic value | NEWS: Feed unavailable
ADBE,AI_Tech,240.09,42.3,8.8407,0.48,13.41,61.9,28.05,460.33,91.7,High,cf_df+cagr,10.0,0.0,No recent news,Feed unavailable,"[{""headline"":""No recent news"",""score"":0.0,""label"":""Neutral"",""reason"":""Feed unavailable"",""geo_risk"":false,""pub_date"":"""",""link"":""""}]",False,5.21,27.2,Medium,3.68,2026-09-30 19:50,75.8,GREEN STRONG VALUE: Deep discount to intrinsic value | HIGH QUALITY: Strong ROE & margins | NEWS: Feed unavailable
NFLX,AI_Tech,69.76,36.0,2.0971,0.65,21.94,49.54,28.22,106.54,52.7,High,cf_df+cagr,35.0,0.0,No recent news,Feed unavailable,"[{""headline"":""No recent news"",""score"":0.0,""label"":""Neutral"",""reason"":""Feed unavailable"",""geo_risk"":false,""pub_date"":"""",""link"":""""}]",False,2.28,33.3,Medium,3.01,2026-09-30 19:50,79.6,GREEN STRONG VALUE: Deep discount to intrinsic value | HIGH QUALITY: Strong ROE & margins | NEWS: Feed unavailable
AMZN,AI_Tech,250.34,46.6,5.42,0.74,20.14,30.56,17.44,0.35,-99.9,High,cf_df+cagr,-20.0,0.0,No recent news,Feed unavailable,"[{""headline"":""No recent news"",""score"":0.0,""label"":""Neutral"",""reason"":""Feed unavailable"",""geo_risk"":false,""pub_date"":"""",""link"":""""}]",False,0.83,46.2,Medium,2.17,2026-09-30 19:50,28.9,RED OVERVALUED: Above intrinsic value | HIGH QUALITY: Strong ROE & margins | NEWS: Feed unavailable
ORCL,AI_Tech,137.32,42.7,7.3157,0.48,21.53,41.19,26.36,142.16,3.5,Medium,cf_df,35.0,0.0,No recent news,Feed unavailable,"[{""headline"":""No recent news"",""score"":0.0,""label"":""Neutral"",""reason"":""Feed unavailable"",""geo_risk"":false,""pub_date"":"""",""link"":""""}]",False,2.73,18.8,High,5.33,2026-09-30 19:50,55.6,HIGH QUALITY: Strong ROE & margins | NEWS: Feed unavailable
IBM,AI_Tech,219.63,37.0,6.6836,0.47,19.51,34.46,15.52,172.06,-21.7,High,cf_df+cagr,10.6,0.0,No recent news,Feed unavailable,"[{""headline"":""No recent news"",""score"":0.0,""label"":""Neutral"",""reason"":""Feed unavailable"",""geo_risk"":false,""pub_date"":"""",""link"":""""}]",False,2.65,32.9,Medium,3.04,2026-09-30 19:50,40.4,RED OVERVALUED: Above intrinsic value | HIGH QUALITY: Strong ROE & margins | NEWS: Feed unavailable
INTC,AI_Tech,120.36,61.9,6.69,0.67,0.0,-10.71,-19.79,15.57,-87.1,Low,info_fcf,13.2,0.0,No recent news,Feed unavailable,"[{""headline"":""No recent news"",""score"":0.0,""label"":""Neutral"",""reason"":""Feed unavailable"",""geo_risk"":false,""pub_date"":"""",""link"":""""}]",False,3.01,18.0,High,5.56,2026-09-30 19:51,5.5,RED OVERVALUED: Above intrinsic value | NEWS: Feed unavailable
QCOM,AI_Tech,184.71,52.4,9.9303,0.3,21.13,33.75,21.01,369.81,100.2,High,cf_df+cagr,23.3,0.0,No recent news,Feed unavailable,"[{""headline"":""No recent news"",""score"":0.0,""label"":""Neutral"",""reason"":""Feed unavailable"",""geo_risk"":false,""pub_date"":"""",""link"":""""}]",False,4.01,18.6,High,5.38,2026-09-30 19:51,68.5,GREEN STRONG VALUE: Deep discount to intrinsic value | HIGH QUALITY: Strong ROE & margins | NEWS: Feed unavailable
AVGO,AI_Tech,352.15,44.5,9.7949,0.38,45.38,44.25,42.94,137.93,-60.8,High,cf_df+cagr,18.2,0.0,No recent news,Feed unavailable,"[{""headline"":""No recent news"",""score"":0.0,""label"":""Neutral"",""reason"":""Feed unavailable"",""geo_risk"":false,""pub_date"":"""",""link"":""""}]",False,1.11,36.0,Medium,2.78,2026-09-30 19:51,39.4,RED OVERVALUED: Above intrinsic value | HIGH QUALITY: Strong ROE & margins | NEWS: Feed unavailable
NOW,AI_Tech,134.09,50.4,5.74,0.52,83.81,14.24,11.34,158.19,18.0,High,cf_df+cagr,27.8,0.0,No recent news,Feed unavailable,"[{""headline"":""No recent news"",""score"":0.0,""label"":""Neutral"",""reason"":""Feed unavailable"",""geo_risk"":false,""pub_date"":"""",""link"":""""}]",False,2.79,23.4,Medium,4.28,2026-09-30 19:51,37.6,YELLOW FAIR VALUE: Modest upside | NEWS: Feed unavailable
SNOW,AI_Tech,340.32,56.9,14.0937,0.81,0.0,-48.06,-20.07,130.53,-61.6,High,cf_df+cagr,31.1,0.0,No recent news,Feed unavailable,"[{""headline"":""No recent news"",""score"":0.0,""label"":""Neutral"",""reason"":""Feed unavailable"",""geo_risk"":false,""pub_date"":"""",""link"":""""}]",False,5.45,24.1,Medium,4.14,2026-09-30 19:51,0.0,RED OVERVALUED: Above intrinsic value | NEWS: Feed unavailable
DDOG,AI_Tech,274.83,69.6,11.8166,0.5,538.89,4.7,4.48,141.31,-48.6,High,cf_df+cagr,35.0,0.0,No recent news,Feed unavailable,"[{""headline"":""No recent news"",""score"":0.0,""label"":""Neutral"",""reason"":""Feed unavailable"",""geo_risk"":false,""pub_date"":"""",""link"":""""}]",False,3.53,23.3,Medium,4.3,2026-09-30 19:51,10.2,RED OVERVALUED: Above intrinsic value | NEWS: Feed unavailable
ZS,AI_Tech,199.02,56.6,10.8795,0.37,0.0,-2.87,-1.88,219.96,10.5,High,cf_df+cagr,32.7,0.0,No recent news,Feed unavailable,"[{""headline"":""No recent news"",""score"":0.0,""label"":""Neutral"",""reason"":""Feed unavailable"",""geo_risk"":false,""pub_date"":"""",""link"":""""}]",False,6.1,18.3,High,5.47,2026-09-30 19:51,27.0,YELLOW FAIR VALUE: Modest upside | NEWS: Feed unavailable
CRWD,AI_Tech,264.73,66.7,12.8501,0.5,8822.68,1.46,0.83,41.01,-84.5,High,cf_df+cagr,22.5,0.0,No recent news,Feed unavailable,"[{""headline"":""No recent news"",""score"":0.0,""label"":""Neutral"",""reason"":""Feed unavailable"",""geo_risk"":false,""pub_date"":"""",""link"":""""}]",False,2.77,20.6,Medium,4.85,2026-09-30 19:51,7.5,RED OVERVALUED: Above intrinsic value | NEWS: Feed unavailable
OKTA,AI_Tech,209.36,68.2,10.702,0.62,125.44,4.31,9.63,259.66,24.0,High,cf_df+cagr,35.0,0.0,No recent news,Feed unavailable,"[{""headline"":""No recent news"",""score"":0.0,""label"":""Neutral"",""reason"":""Feed unavailable"",""geo_risk"":false,""pub_date"":"""",""link"":""""}]",False,5.49,19.6,High,5.11,2026-09-30 19:52,35.1,YELLOW FAIR VALUE: Modest upside | NEWS: Feed unavailable
XOM,Energy,162.88,53.1,3.7378,0.48,20.94,12.58,9.07,20.44,-87.5,High,cf_df+cagr,-20.0,0.0,No recent news,Feed unavailable,"[{""headline"":""No recent news"",""score"":0.0,""label"":""Neutral"",""reason"":""Feed unavailable"",""geo_risk"":false,""pub_date"":"""",""link"":""""}]",False,1.08,43.6,Medium,2.29,2026-09-30 19:52,18.4,RED OVERVALUED: Above intrinsic value | NEWS: Feed unavailable
CVX,Energy,204.6,48.4,4.3404,0.32,19.9,12.23,9.83,26.93,-86.8,High,cf_df+cagr,-20.0,0.0,No recent news,Feed unavailable,"[{""headline"":""No recent news"",""score"":0.0,""label"":""Neutral"",""reason"":""Feed unavailable"",""geo_risk"":false,""pub_date"":"""",""link"":""""}]",False,1.06,47.1,Medium,2.12,2026-09-30 19:52,20.0,RED OVERVALUED: Above intrinsic value | NEWS: Feed unavailable
SHEL,Energy,95.05,54.0,1.6571,1.36,10.51,14.34,8.76,27.56,-71.0,High,cf_df+cagr,-19.5,0.0,No recent news,Feed unavailable,"[{""headline"":""No recent news"",""score"":0.0,""label"":""Neutral"",""reason"":""Feed unavailable"",""geo_risk"":false,""pub_date"":"""",""link"":""""}]",False,1.24,50.0,Low,1.74,2026-09-30 19:52,23.5,RED OVERVALUED: Above intrinsic value | NEWS: Feed unavailable
TTE,Energy,85.58,36.9,1.6343,1.02,10.71,14.48,9.08,8.95,-89.5,High,cf_df+cagr,-20.0,0.0,No recent news,Feed unavailable,"[{""headline"":""No recent news"",""score"":0.0,""label"":""Neutral"",""reason"":""Feed unavailable"",""geo_risk"":false,""pub_date"":"""",""link"":""""}]",False,0.22,50.0,Low,1.91,2026-09-30 19:52,29.3,RED OVERVALUED: Above intrinsic value | NEWS: Feed unavailable
COP,Energy,125.13,41.1,3.5229,0.54,16.55,14.18,14.4,16.59,-86.7,High,cf_df+cagr,-20.0,0.0,No recent news,Feed unavailable,"[{""headline"":""No recent news"",""score"":0.0,""label"":""Neutral"",""reason"":""Feed unavailable"",""geo_risk"":false,""pub_date"":"""",""link"":""""}]",False,1.34,35.5,Medium,2.82,2026-09-30 19:52,25.4,RED OVERVALUED: Above intrinsic value | NEWS: Feed unavailable
SLB,Energy,48.79,32.2,1.645,0.55,23.8,12.91,8.53,122.56,151.2,High,cf_df+cagr,31.3,0.0,No recent news,Feed unavailable,"[{""headline"":""No recent news"",""score"":0.0,""label"":""Neutral"",""reason"":""Feed unavailable"",""geo_risk"":false,""pub_date"":"""",""link"":""""}]",False,4.67,29.7,Medium,3.37,2026-09-30 19:52,66.3,GREEN STRONG VALUE: Deep discount to intrinsic value | NEWS: Feed unavailable
EOG,Energy,137.58,38.6,3.6828,0.72,10.71,22.51,25.73,30.41,-77.9,High,cf_df+cagr,-17.3,0.0,No recent news,Feed unavailable,"[{""headline"":""No recent news"",""score"":0.0,""label"":""Neutral"",""reason"":""Feed unavailable"",""geo_risk"":false,""pub_date"":"""",""link"":""""}]",False,3.3,37.4,Medium,2.68,2026-09-30 19:52,36.3,RED OVERVALUED: Above intrinsic value | HIGH QUALITY: Strong ROE & margins | NEWS: Feed unavailable
VLO,Energy,386.81,57.5,17.5964,0.39,16.14,27.64,5.45,73.62,-81.0,High,cf_df+cagr,-20.0,0.0,No recent news,Feed unavailable,"[{""headline"":""No recent news"",""score"":0.0,""label"":""Neutral"",""reason"":""Feed unavailable"",""geo_risk"":false,""pub_date"":"""",""link"":""""}]",False,3.91,22.0,Medium,4.55,2026-09-30 19:53,22.4,RED OVERVALUED: Above intrinsic value | NEWS: Feed unavailable
MPC,Energy,394.94,56.9,16.6736,0.36,13.69,42.1,5.55,8.33,-97.9,High,cf_df+cagr,-20.0,0.0,No recent news,Feed unavailable,"[{""headline"":""No recent news"",""score"":0.0,""label"":""Neutral"",""reason"":""Feed unavailable"",""geo_risk"":false,""pub_date"":"""",""link"":""""}]",False,3.19,23.7,Medium,4.22,2026-09-30 19:53,25.1,RED OVERVALUED: Above intrinsic value | NEWS: Feed unavailable
BP,Energy,44.04,49.6,1.118,0.69,21.07,8.87,2.55,7.7,-82.5,High,cf_df+cagr,-20.0,0.0,No recent news,Feed unavailable,"[{""headline"":""No recent news"",""score"":0.0,""label"":""Neutral"",""reason"":""Feed unavailable"",""geo_risk"":false,""pub_date"":"""",""link"":""""}]",False,0.28,39.4,Medium,2.54,2026-09-30 19:53,19.9,RED OVERVALUED: Above intrinsic value | NEWS: Feed unavailable
HAL,Energy,31.8,32.9,0.8775,0.88,16.65,14.92,7.16,31.23,-1.8,High,cf_df+cagr,10.7,0.0,No recent news,Feed unavailable,"[{""headline"":""No recent news"",""score"":0.0,""label"":""Neutral"",""reason"":""Feed unavailable"",""geo_risk"":false,""pub_date"":"""",""link"":""""}]",False,5.67,36.2,Medium,2.76,2026-09-30 19:53,38.0,NEWS: Feed unavailable
BKR,Energy,54.85,30.7,1.5736,0.62,17.64,16.46,11.17,122.65,123.6,High,cf_df+cagr,35.0,0.0,No recent news,Feed unavailable,"[{""headline"":""No recent news"",""score"":0.0,""label"":""Neutral"",""reason"":""Feed unavailable"",""geo_risk"":false,""pub_date"":"""",""link"":""""}]",False,2.83,34.9,Medium,2.87,2026-09-30 19:53,68.7,GREEN STRONG VALUE: Deep discount to intrinsic value | NEWS: Feed unavailable
OXY,Energy,55.28,37.8,1.5546,0.68,16.31,10.63,30.32,9.66,-82.5,High,cf_df+cagr,-20.0,0.0,No recent news,Feed unavailable,"[{""headline"":""No recent news"",""score"":0.0,""label"":""Neutral"",""reason"":""Feed unavailable"",""geo_risk"":false,""pub_date"":"""",""link"":""""}]",False,0.02,35.6,Medium,2.81,2026-09-30 19:53,31.5,RED OVERVALUED: Above intrinsic value | NEWS: Feed unavailable
KMI,Energy,30.22,37.1,0.6264,0.51,19.49,10.99,19.3,1.29,-95.7,High,cf_df+cagr,-4.8,0.0,No recent news,Feed unavailable,"[{""headline"":""No recent news"",""score"":0.0,""label"":""Neutral"",""reason"":""Feed unavailable"",""geo_risk"":false,""pub_date"":"""",""link"":""""}]",False,2.39,48.2,Medium,2.07,2026-09-30 19:53,25.2,RED OVERVALUED: Above intrinsic value | NEWS: Feed unavailable
WMB,Energy,68.26,33.5,1.5882,0.72,27.2,21.5,24.94,0.36,-99.5,High,cf_df+cagr,-20.0,0.0,No recent news,Feed unavailable,"[{""headline"":""No recent news"",""score"":0.0,""label"":""Neutral"",""reason"":""Feed unavailable"",""geo_risk"":false,""pub_date"":"""",""link"":""""}]",False,2.22,43.0,Medium,2.33,2026-09-30 19:54,36.8,RED OVERVALUED: Above intrinsic value | HIGH QUALITY: Strong ROE & margins | NEWS: Feed unavailable
ENB,Energy,46.53,27.7,0.67,0.4,25.43,9.22,7.34,0.68,-98.5,High,cf_df+cagr,-20.0,0.0,No recent news,Feed unavailable,"[{""headline"":""No recent news"",""score"":0.0,""label"":""Neutral"",""reason"":""Feed unavailable"",""geo_risk"":false,""pub_date"":"""",""link"":""""}]",False,0.78,50.0,Low,1.44,2026-09-30 19:54,28.5,RED OVERVALUED: Above intrinsic value | OVERSOLD: RSI < 30 | NEWS: Feed unavailable
TRP,Energy,57.99,30.6,1.182,0.4,23.38,11.83,22.91,4.21,-92.7,Medium,cf_df,13.3,0.0,No recent news,Feed unavailable,"[{""headline"":""No recent news"",""score"":0.0,""label"":""Neutral"",""reason"":""Feed unavailable"",""geo_risk"":false,""pub_date"":"""",""link"":""""}]",False,0.0,49.1,Medium,2.04,2026-09-30 19:54,33.6,RED OVERVALUED: Above intrinsic value | NEWS: Feed unavailable
EPD,Energy,35.67,26.1,0.6879,1.58,12.34,20.85,10.79,0.67,-98.1,High,cf_df+cagr,-20.0,0.0,No recent news,Feed unavailable,"[{""headline"":""No recent news"",""score"":0.0,""label"":""Neutral"",""reason"":""Feed unavailable"",""geo_risk"":false,""pub_date"":"""",""link"":""""}]",False,2.4,50.0,Low,1.93,2026-09-30 19:54,38.8,RED OVERVALUED: Above intrinsic value | OVERSOLD: RSI < 30 | NEWS: Feed unavailable
CCJ,Nuclear_Energy,86.92,34.8,3.0958,0.87,152.49,5.11,10.21,117.49,35.2,High,cf_df+cagr,35.0,0.0,No recent news,Feed unavailable,"[{""headline"":""No recent news"",""score"":0.0,""label"":""Neutral"",""reason"":""Feed unavailable"",""geo_risk"":false,""pub_date"":"""",""link"":""""}]",False,0.0,28.1,Medium,3.56,2026-09-30 19:54,53.1,GREEN STRONG VALUE: Deep discount to intrinsic value | NEWS: Feed unavailable
NEE,Nuclear_Energy,75.97,25.6,1.2507,0.57,17.07,11.68,32.4,21.95,-71.1,High,cf_df+cagr,35.0,0.0,No recent news,Feed unavailable,"[{""headline"":""No recent news"",""score"":0.0,""label"":""Neutral"",""reason"":""Feed unavailable"",""geo_risk"":false,""pub_date"":"""",""link"":""""}]",False,0.0,50.0,Low,1.65,2026-09-30 19:54,38.5,RED OVERVALUED: Above intrinsic value | OVERSOLD: RSI < 30 | NEWS: Feed unavailable
DUK,Nuclear_Energy,114.3,31.7,1.4596,0.69,17.22,9.86,16.0,0.1,-99.9,Medium,cf_df,6.8,0.0,No recent news,Feed unavailable,"[{""headline"":""No recent news"",""score"":0.0,""label"":""Neutral"",""reason"":""Feed unavailable"",""geo_risk"":false,""pub_date"":"""",""link"":""""}]",False,2.71,50.0,Low,1.28,2026-09-30 19:54,27.9,RED OVERVALUED: Above intrinsic value | NEWS: Feed unavailable
SO,Nuclear_Energy,83.19,29.5,1.2425,0.62,20.05,11.48,15.43,1.88,-97.7,Medium,cf_df,18.3,0.0,No recent news,Feed unavailable,"[{""headline"":""No recent news"",""score"":0.0,""label"":""Neutral"",""reason"":""Feed unavailable"",""geo_risk"":false,""pub_date"":"""",""link"":""""}]",False,2.52,50.0,Low,1.49,2026-09-30 19:54,29.5,RED OVERVALUED: Above intrinsic value | OVERSOLD: RSI < 30 | NEWS: Feed unavailable
AEP,Nuclear_Energy,119.05,38.2,1.8193,0.54,20.63,10.13,13.78,6.93,-94.2,Low,info_ocf,-20.0,0.0,No recent news,Feed unavailable,"[{""headline"":""No recent news"",""score"":0.0,""label"":""Neutral"",""reason"":""Feed unavailable"",""geo_risk"":false,""pub_date"":"""",""link"":""""}]",False,4.7,50.0,Low,1.53,2026-09-30 19:55,24.6,RED OVERVALUED: Above intrinsic value | NEWS: Feed unavailable
EXC,Nuclear_Energy,40.58,29.1,0.6557,0.93,14.92,9.71,10.99,51.89,27.9,Low,info_ocf,3.8,0.0,No recent news,Feed unavailable,"[{""headline"":""No recent news"",""score"":0.0,""label"":""Neutral"",""reason"":""Feed unavailable"",""geo_risk"":false,""pub_date"":"""",""link"":""""}]",False,3.71,50.0,Low,1.62,2026-09-30 19:55,58.0,YELLOW FAIR VALUE: Modest upside | OVERSOLD: RSI < 30 | NEWS: Feed unavailable
COST,Consumer,911.32,46.6,14.5696,0.5,43.81,28.4,3.04,756.59,-17.0,High,cf_df+cagr,30.8,0.0,No recent news,Feed unavailable,"[{""headline"":""No recent news"",""score"":0.0,""label"":""Neutral"",""reason"":""Feed unavailable"",""geo_risk"":false,""pub_date"":"""",""link"":""""}]",False,1.66,50.0,Low,1.6,2026-09-30 19:55,35.1,NEWS: Feed unavailable
WMT,Consumer,104.28,39.8,2.1414,0.72,37.78,22.31,3.0,23.72,-77.3,High,cf_df+cagr,7.6,0.0,No recent news,Feed unavailable,"[{""headline"":""No recent news"",""score"":0.0,""label"":""Neutral"",""reason"":""Feed unavailable"",""geo_risk"":false,""pub_date"":"""",""link"":""""}]",False,1.83,48.7,Medium,2.05,2026-09-30 19:55,30.7,RED OVERVALUED: Above intrinsic value | NEWS: Feed unavailable
TGT,Consumer,156.65,49.1,3.7139,0.69,16.25,26.41,4.08,10.79,-93.1,High,cf_df+cagr,-13.8,0.0,No recent news,Feed unavailable,"[{""headline"":""No recent news"",""score"":0.0,""label"":""Neutral"",""reason"":""Feed unavailable"",""geo_risk"":false,""pub_date"":"""",""link"":""""}]",False,3.7,42.2,Medium,2.37,2026-09-30 19:55,26.3,RED OVERVALUED: Above intrinsic value | NEWS: Feed unavailable
HD,Consumer,284.6,27.0,6.4679,0.79,19.93,104.3,8.41,117.43,-58.7,High,cf_df+cagr,3.2,0.0,No recent news,Feed unavailable,"[{""headline"":""No recent news"",""score"":0.0,""label"":""Neutral"",""reason"":""Feed unavailable"",""geo_risk"":false,""pub_date"":"""",""link"":""""}]",False,1.18,44.0,Medium,2.27,2026-09-30 19:55,45.0,RED OVERVALUED: Above intrinsic value | OVERSOLD: RSI < 30 | NEWS: Feed unavailable
LOW,Consumer,185.01,29.3,4.135,0.69,15.64,0.0,7.35,131.13,-29.1,High,cf_df+cagr,4.2,0.0,No recent news,Feed unavailable,"[{""headline"":""No recent news"",""score"":0.0,""label"":""Neutral"",""reason"":""Feed unavailable"",""geo_risk"":false,""pub_date"":"""",""link"":""""}]",False,1.86,44.7,Medium,2.24,2026-09-30 19:55,30.8,RED OVERVALUED: Above intrinsic value | OVERSOLD: RSI < 30 | NEWS: Feed unavailable
EBAY,Consumer,106.18,47.1,3.2693,0.42,22.31,46.61,18.57,19.93,-81.2,High,cf_df+cagr,-7.4,0.0,No recent news,Feed unavailable,"[{""headline"":""No recent news"",""score"":0.0,""label"":""Neutral"",""reason"":""Feed unavailable"",""geo_risk"":false,""pub_date"":"""",""link"":""""}]",False,4.1,32.5,Medium,3.08,2026-09-30 19:55,31.6,RED OVERVALUED: Above intrinsic value | HIGH QUALITY: Strong ROE & margins | NEWS: Feed unavailable
ETSY,Consumer,71.83,43.4,2.9714,0.83,22.73,0.0,7.11,62.7,-12.7,High,cf_df+cagr,-0.4,0.0,No recent news,Feed unavailable,"[{""headline"":""No recent news"",""score"":0.0,""label"":""Neutral"",""reason"":""Feed unavailable"",""geo_risk"":false,""pub_date"":"""",""link"":""""}]",False,13.14,24.2,Medium,4.14,2026-09-30 19:56,26.6,NEWS: Feed unavailable
SHOP,Consumer,148.61,58.7,6.7595,0.51,100.38,15.54,14.53,82.38,-44.6,High,cf_df+cagr,35.0,0.0,No recent news,Feed unavailable,"[{""headline"":""No recent news"",""score"":0.0,""label"":""Neutral"",""reason"":""Feed unavailable"",""geo_risk"":false,""pub_date"":"""",""link"":""""}]",False,1.36,22.0,Medium,4.55,2026-09-30 19:56,20.3,RED OVERVALUED: Above intrinsic value | NEWS: Feed unavailable
BABA,Consumer,107.66,38.8,2.6767,0.68,24.36,6.36,7.04,200.88,86.6,High,cf_df+cagr,-20.0,0.0,No recent news,Feed unavailable,"[{""headline"":""No recent news"",""score"":0.0,""label"":""Neutral"",""reason"":""Feed unavailable"",""geo_risk"":false,""pub_date"":"""",""link"":""""}]",False,1.68,40.2,Medium,2.49,2026-09-30 19:56,60.9,GREEN STRONG VALUE: Deep discount to intrinsic value | NEWS: Feed unavailable
JD,Consumer,26.58,37.2,0.4174,0.72,17.72,6.79,1.13,103.61,289.7,High,cf_df+cagr,-20.0,0.0,No recent news,Feed unavailable,"[{""headline"":""No recent news"",""score"":0.0,""label"":""Neutral"",""reason"":""Feed unavailable"",""geo_risk"":false,""pub_date"":"""",""link"":""""}]",False,1.78,50.0,Low,1.57,2026-09-30 19:56,62.0,GREEN STRONG VALUE: Deep discount to intrinsic value | NEWS: Feed unavailable
PDD,Consumer,77.79,39.5,1.6339,0.74,8.39,22.75,20.43,3316.84,4163.8,High,cf_df+cagr,30.3,0.0,No recent news,Feed unavailable,"[{""headline"":""No recent news"",""score"":0.0,""label"":""Neutral"",""reason"":""Feed unavailable"",""geo_risk"":false,""pub_date"":"""",""link"":""""}]",False,3.28,47.6,Medium,2.1,2026-09-30 19:56,72.3,GREEN STRONG VALUE: Deep discount to intrinsic value | HIGH QUALITY: Strong ROE & margins | NEWS: Feed unavailable
NKE,Consumer,35.38,35.7,0.9075,0.93,16.85,22.14,6.7,7.23,-79.6,High,cf_df+cagr,-20.0,0.0,No recent news,Feed unavailable,"[{""headline"":""No recent news"",""score"":0.0,""label"":""Neutral"",""reason"":""Feed unavailable"",""geo_risk"":false,""pub_date"":"""",""link"":""""}]",False,8.98,39.0,Medium,2.57,2026-09-30 19:56,33.4,RED OVERVALUED: Above intrinsic value | NEWS: Feed unavailable
LULU,Consumer,96.24,36.1,3.4429,0.4,7.92,30.9,12.78,409.11,325.1,High,cf_df+cagr,35.0,0.0,No recent news,Feed unavailable,"[{""headline"":""No recent news"",""score"":0.0,""label"":""Neutral"",""reason"":""Feed unavailable"",""geo_risk"":false,""pub_date"":"""",""link"":""""}]",False,13.07,28.0,Medium,3.58,2026-09-30 19:56,70.9,GREEN STRONG VALUE: Deep discount to intrinsic value | NEWS: Feed unavailable
SBUX,Consumer,94.13,31.3,2.0311,0.48,54.41,0.0,5.17,8.1,-91.4,High,cf_df+cagr,-1.5,0.0,No recent news,Feed unavailable,"[{""headline"":""No recent news"",""score"":0.0,""label"":""Neutral"",""reason"":""Feed unavailable"",""geo_risk"":false,""pub_date"":"""",""link"":""""}]",False,3.89,46.3,Medium,2.16,2026-09-30 19:56,23.9,RED OVERVALUED: Above intrinsic value | NEWS: Feed unavailable
MCD,Consumer,231.36,22.0,4.9175,0.63,18.8,0.0,31.72,109.0,-52.9,High,cf_df+cagr,9.4,0.0,No recent news,Feed unavailable,"[{""headline"":""No recent news"",""score"":0.0,""label"":""Neutral"",""reason"":""Feed unavailable"",""geo_risk"":false,""pub_date"":"""",""link"":""""}]",False,1.92,47.0,Medium,2.13,2026-09-30 19:57,37.3,RED OVERVALUED: Above intrinsic value | OVERSOLD: RSI < 30 | NEWS: Feed unavailable
YUM,Consumer,136.65,37.9,3.5879,0.48,17.28,0.0,25.41,77.84,-43.0,High,cf_df+cagr,12.6,0.0,No recent news,Feed unavailable,"[{""headline"":""No recent news"",""score"":0.0,""label"":""Neutral"",""reason"":""Feed unavailable"",""geo_risk"":false,""pub_date"":"""",""link"":""""}]",False,4.12,38.1,Medium,2.63,2026-09-30 19:57,29.5,RED OVERVALUED: Above intrinsic value | NEWS: Feed unavailable
CMG,Consumer,32.02,35.8,1.2275,0.69,29.64,49.56,11.43,27.53,-14.0,High,cf_df+cagr,19.7,0.0,No recent news,Feed unavailable,"[{""headline"":""No recent news"",""score"":0.0,""label"":""Neutral"",""reason"":""Feed unavailable"",""geo_risk"":false,""pub_date"":"""",""link"":""""}]",False,3.6,26.1,Medium,3.83,2026-09-30 19:57,44.9,NEWS: Feed unavailable
DIS,Consumer,105.48,50.8,2.0268,0.83,21.75,8.01,8.7,254.64,141.4,High,cf_df+cagr,35.0,0.0,No recent news,Feed unavailable,"[{""headline"":""No recent news"",""score"":0.0,""label"":""Neutral"",""reason"":""Feed unavailable"",""geo_risk"":false,""pub_date"":"""",""link"":""""}]",False,1.14,50.0,Low,1.92,2026-09-30 19:57,56.1,GREEN STRONG VALUE: Deep discount to intrinsic value | NEWS: Feed unavailable
KO,Food_Beverage,86.15,40.9,1.1613,0.56,25.87,42.05,28.56,0.67,-99.2,High,cf_df+cagr,-17.8,0.0,No recent news,Feed unavailable,"[{""headline"":""No recent news"",""score"":0.0,""label"":""Neutral"",""reason"":""Feed unavailable"",""geo_risk"":false,""pub_date"":"""",""link"":""""}]",False,0.95,50.0,Low,1.35,2026-09-30 19:57,38.9,RED OVERVALUED: Above intrinsic value | HIGH QUALITY: Strong ROE & margins | NEWS: Feed unavailable
PEP,Food_Beverage,126.9,26.8,2.3179,0.63,16.63,51.51,10.79,78.22,-38.4,High,cf_df+cagr,11.0,0.0,No recent news,Feed unavailable,"[{""headline"":""No recent news"",""score"":0.0,""label"":""Neutral"",""reason"":""Feed unavailable"",""geo_risk"":false,""pub_date"":"""",""link"":""""}]",False,2.11,50.0,Low,1.83,2026-09-30 19:57,46.0,RED OVERVALUED: Above intrinsic value | OVERSOLD: RSI < 30 | NEWS: Feed unavailable
MDLZ,Food_Beverage,57.84,28.8,1.1443,0.74,21.19,13.34,8.86,18.74,-67.6,High,cf_df+cagr,2.5,0.0,No recent news,Feed unavailable,"[{""headline"":""No recent news"",""score"":0.0,""label"":""Neutral"",""reason"":""Feed unavailable"",""geo_risk"":false,""pub_date"":"""",""link"":""""}]",False,2.44,50.0,Low,1.98,2026-09-30 19:57,33.5,RED OVERVALUED: Above intrinsic value | OVERSOLD: RSI < 30 | NEWS: Feed unavailable
GIS,Food_Beverage,32.08,24.7,1.0264,0.92,0.0,-10.49,-4.89,2.62,-91.8,High,cf_df+cagr,-8.0,0.0,No recent news,Feed unavailable,"[{""headline"":""No recent news"",""score"":0.0,""label"":""Neutral"",""reason"":""Feed unavailable"",""geo_risk"":false,""pub_date"":"""",""link"":""""}]",False,10.91,31.3,Medium,3.2,2026-09-30 19:57,24.8,RED OVERVALUED: Above intrinsic value | OVERSOLD: RSI < 30 | NEWS: Feed unavailable
CPB,Food_Beverage,19.84,36.8,0.6143,0.6,15.14,10.05,4.14,1.94,-90.2,High,cf_df+cagr,-9.1,0.0,No recent news,Feed unavailable,"[{""headline"":""No recent news"",""score"":0.0,""label"":""Neutral"",""reason"":""Feed unavailable"",""geo_risk"":false,""pub_date"":"""",""link"":""""}]",False,24.95,32.3,Medium,3.1,2026-09-30 19:58,25.8,RED OVERVALUED: Above intrinsic value | SHORT PRESSURE: 24.9% of float | NEWS: Feed unavailable
KHC,Food_Beverage,22.74,28.4,0.6021,0.41,0.0,-8.76,-13.64,123.97,445.2,High,cf_df+cagr,33.1,0.0,No recent news,Feed unavailable,"[{""headline"":""No recent news"",""score"":0.0,""label"":""Neutral"",""reason"":""Feed unavailable"",""geo_risk"":false,""pub_date"":"""",""link"":""""}]",False,10.98,37.8,Medium,2.65,2026-09-30 19:58,58.9,GREEN STRONG VALUE: Deep discount to intrinsic value | OVERSOLD: RSI < 30 | NEWS: Feed unavailable
HSY,Food_Beverage,157.7,22.2,3.2454,0.94,21.52,32.81,12.24,104.83,-33.5,High,cf_df+cagr,-1.1,0.0,No recent news,Feed unavailable,"[{""headline"":""No recent news"",""score"":0.0,""label"":""Neutral"",""reason"":""Feed unavailable"",""geo_risk"":false,""pub_date"":"""",""link"":""""}]",False,7.36,48.6,Medium,2.06,2026-09-30 19:58,48.1,RED OVERVALUED: Above intrinsic value | OVERSOLD: RSI < 30 | NEWS: Feed unavailable
STZ,Food_Beverage,113.25,25.6,2.5589,0.46,10.79,23.69,20.14,75.78,-33.1,High,cf_df+cagr,1.4,0.0,No recent news,Feed unavailable,"[{""headline"":""No recent news"",""score"":0.0,""label"":""Neutral"",""reason"":""Feed unavailable"",""geo_risk"":false,""pub_date"":"""",""link"":""""}]",False,5.69,44.3,Medium,2.26,2026-09-30 19:58,45.9,RED OVERVALUED: Above intrinsic value | OVERSOLD: RSI < 30 | HIGH QUALITY: Strong ROE & margins | NEWS: Feed unavailable
BUD,Food_Beverage,73.5,29.9,1.5136,0.55,15.84,11.39,14.9,89.49,21.8,High,cf_df+cagr,11.3,0.0,No recent news,Feed unavailable,"[{""headline"":""No recent news"",""score"":0.0,""label"":""Neutral"",""reason"":""Feed unavailable"",""geo_risk"":false,""pub_date"":"""",""link"":""""}]",False,0.8,48.6,Medium,2.06,2026-09-30 19:58,56.8,YELLOW FAIR VALUE: Modest upside | OVERSOLD: RSI < 30 | NEWS: Feed unavailable
TAP,Food_Beverage,36.53,34.2,0.9486,0.46,0.0,-19.47,-20.81,73.58,101.4,High,cf_df+cagr,8.3,0.0,No recent news,Feed unavailable,"[{""headline"":""No recent news"",""score"":0.0,""label"":""Neutral"",""reason"":""Feed unavailable"",""geo_risk"":false,""pub_date"":"""",""link"":""""}]",False,27.65,38.5,Medium,2.6,2026-09-30 19:58,52.0,GREEN STRONG VALUE: Deep discount to intrinsic value | SHORT PRESSURE: 27.6% of float | NEWS: Feed unavailable
ADM,Food_Agri,79.62,38.9,2.2039,0.48,21.75,7.64,2.16,272.47,242.3,High,cf_df+cagr,24.9,0.0,No recent news,Feed unavailable,"[{""headline"":""No recent news"",""score"":0.0,""label"":""Neutral"",""reason"":""Feed unavailable"",""geo_risk"":false,""pub_date"":"""",""link"":""""}]",False,3.97,36.1,Medium,2.77,2026-09-30 19:58,60.5,GREEN STRONG VALUE: Deep discount to intrinsic value | NEWS: Feed unavailable
CTVA,Food_Agri,77.73,36.5,2.2814,0.54,47.12,4.26,5.66,197.43,154.0,High,cf_df+cagr,35.0,0.0,No recent news,Feed unavailable,"[{""headline"":""No recent news"",""score"":0.0,""label"":""Neutral"",""reason"":""Feed unavailable"",""geo_risk"":false,""pub_date"":"""",""link"":""""}]",False,3.53,34.1,Medium,2.94,2026-09-30 19:58,60.6,GREEN STRONG VALUE: Deep discount to intrinsic value | NEWS: Feed unavailable
CF,Food_Agri,115.36,35.6,4.6057,0.56,8.56,29.87,27.12,53.67,-53.5,High,cf_df+cagr,-19.0,0.0,No recent news,Feed unavailable,"[{""headline"":""No recent news"",""score"":0.0,""label"":""Neutral"",""reason"":""Feed unavailable"",""geo_risk"":false,""pub_date"":"""",""link"":""""}]",False,7.73,25.0,Medium,3.99,2026-09-30 19:59,42.1,RED OVERVALUED: Above intrinsic value | HIGH QUALITY: Strong ROE & margins | NEWS: Feed unavailable
MOS,Food_Agri,21.65,34.6,1.0361,0.77,0.0,-5.07,-5.21,0.07,-99.7,High,cf_df+cagr,-20.0,0.0,No recent news,Feed unavailable,"[{""headline"":""No recent news"",""score"":0.0,""label"":""Neutral"",""reason"":""Feed unavailable"",""geo_risk"":false,""pub_date"":"""",""link"":""""}]",False,12.9,20.9,Medium,4.79,2026-09-30 19:59,20.8,RED OVERVALUED: Above intrinsic value | NEWS: Feed unavailable
NTR,Food_Agri,70.29,37.6,2.0945,0.53,14.23,9.44,8.72,2.06,-97.1,High,cf_df+cagr,-20.0,0.0,No recent news,Feed unavailable,"[{""headline"":""No recent news"",""score"":0.0,""label"":""Neutral"",""reason"":""Feed unavailable"",""geo_risk"":false,""pub_date"":"""",""link"":""""}]",False,1.59,33.6,Medium,2.98,2026-09-30 19:59,24.3,RED OVERVALUED: Above intrinsic value | NEWS: Feed unavailable
FMC,Food_Agri,8.92,30.4,0.5518,1.09,0.0,-88.38,-84.83,14.72,64.7,Medium,cf_df,-4.0,0.0,No recent news,Feed unavailable,"[{""headline"":""No recent news"",""score"":0.0,""label"":""Neutral"",""reason"":""Feed unavailable"",""geo_risk"":false,""pub_date"":"""",""link"":""""}]",False,28.25,16.2,High,6.19,2026-09-30 19:59,28.8,GREEN STRONG VALUE: Deep discount to intrinsic value | SHORT PRESSURE: 28.2% of float | NEWS: Feed unavailable
DE,Food_Agri,673.61,50.7,15.5764,0.87,37.46,18.24,10.17,357.66,-46.9,High,cf_df+cagr,35.0,0.0,No recent news,Feed unavailable,"[{""headline"":""No recent news"",""score"":0.0,""label"":""Neutral"",""reason"":""Feed unavailable"",""geo_risk"":false,""pub_date"":"""",""link"":""""}]",False,2.08,43.2,Medium,2.31,2026-09-30 19:59,26.7,RED OVERVALUED: Above intrinsic value | NEWS: Feed unavailable
CAT,Food_Agri,810.96,48.3,20.9146,0.56,34.89,56.97,14.51,256.0,-68.4,High,cf_df+cagr,13.0,0.0,No recent news,Feed unavailable,"[{""headline"":""No recent news"",""score"":0.0,""label"":""Neutral"",""reason"":""Feed unavailable"",""geo_risk"":false,""pub_date"":"""",""link"":""""}]",False,2.03,38.8,Medium,2.58,2026-09-30 19:59,32.6,RED OVERVALUED: Above intrinsic value | NEWS: Feed unavailable
CNH,Food_Agri,12.88,49.3,0.4718,0.44,51.44,3.91,1.71,0.53,-95.9,Medium,cf_df,-20.0,0.0,No recent news,Feed unavailable,"[{""headline"":""No recent news"",""score"":0.0,""label"":""Neutral"",""reason"":""Feed unavailable"",""geo_risk"":false,""pub_date"":"""",""link"":""""}]",False,6.03,27.3,Medium,3.66,2026-09-30 19:59,16.0,RED OVERVALUED: Above intrinsic value | NEWS: Feed unavailable
AGCO,Food_Agri,114.33,44.0,3.9871,0.47,15.81,11.83,5.15,238.25,108.4,High,cf_df+cagr,18.1,0.0,No recent news,Feed unavailable,"[{""headline"":""No recent news"",""score"":0.0,""label"":""Neutral"",""reason"":""Feed unavailable"",""geo_risk"":false,""pub_date"":"""",""link"":""""}]",False,6.06,28.7,Medium,3.49,2026-09-30 19:59,59.6,GREEN STRONG VALUE: Deep discount to intrinsic value | NEWS: Feed unavailable
FCX,Raw_Materials,70.06,45.2,2.4204,1.18,34.34,14.75,11.39,1.05,-98.5,High,cf_df+cagr,-12.6,0.0,No recent news,Feed unavailable,"[{""headline"":""No recent news"",""score"":0.0,""label"":""Neutral"",""reason"":""Feed unavailable"",""geo_risk"":false,""pub_date"":"""",""link"":""""}]",False,2.4,28.9,Medium,3.45,2026-09-30 20:00,25.1,RED OVERVALUED: Above intrinsic value | NEWS: Feed unavailable
NEM,Gold_Minerals,115.39,40.7,3.9907,0.54,14.55,25.91,33.36,333.56,189.1,High,cf_df+cagr,35.0,0.0,No recent news,Feed unavailable,"[{""headline"":""No recent news"",""score"":0.0,""label"":""Neutral"",""reason"":""Feed unavailable"",""geo_risk"":false,""pub_date"":"""",""link"":""""}]",False,1.83,28.9,Medium,3.46,2026-09-30 20:00,72.2,GREEN STRONG VALUE: Deep discount to intrinsic value | HIGH QUALITY: Strong ROE & margins | NEWS: Feed unavailable
GOLD,Gold_Minerals,42.56,44.3,1.79,0.32,14.1,10.8,0.32,1965.31,4515.6,High,cf_df+cagr,35.0,0.0,No recent news,Feed unavailable,"[{""headline"":""No recent news"",""score"":0.0,""label"":""Neutral"",""reason"":""Feed unavailable"",""geo_risk"":false,""pub_date"":"""",""link"":""""}]",False,16.47,23.8,Medium,4.21,2026-09-30 20:00,58.4,GREEN STRONG VALUE: Deep discount to intrinsic value | SHORT PRESSURE: 16.5% of float | NEWS: Feed unavailable
AEM,Gold_Minerals,183.35,40.5,6.6446,0.6,15.67,22.97,40.44,407.6,122.5,High,cf_df+cagr,35.0,0.0,No recent news,Feed unavailable,"[{""headline"":""No recent news"",""score"":0.0,""label"":""Neutral"",""reason"":""Feed unavailable"",""geo_risk"":false,""pub_date"":"""",""link"":""""}]",False,1.36,27.6,Medium,3.62,2026-09-30 20:00,71.3,GREEN STRONG VALUE: Deep discount to intrinsic value | HIGH QUALITY: Strong ROE & margins | NEWS: Feed unavailable
KGC,Gold_Minerals,24.09,33.6,1.1832,0.62,9.16,36.99,37.52,104.77,335.1,High,cf_df+cagr,35.0,0.0,No recent news,Feed unavailable,"[{""headline"":""No recent news"",""score"":0.0,""label"":""Neutral"",""reason"":""Feed unavailable"",""geo_risk"":false,""pub_date"":"""",""link"":""""}]",False,0.0,20.4,Medium,4.91,2026-09-30 20:00,80.5,GREEN STRONG VALUE: Deep discount to intrinsic value | HIGH QUALITY: Strong ROE & margins | NEWS: Feed unavailable
SCCO,Raw_Materials,202.99,54.1,7.0368,0.93,30.45,49.9,35.87,122.86,-39.4,High,cf_df+cagr,22.7,0.0,No recent news,Feed unavailable,"[{""headline"":""No recent news"",""score"":0.0,""label"":""Neutral"",""reason"":""Feed unavailable"",""geo_risk"":false,""pub_date"":"""",""link"":""""}]",False,10.39,28.8,Medium,3.47,2026-09-30 20:00,38.5,RED OVERVALUED: Above intrinsic value | HIGH QUALITY: Strong ROE & margins | NEWS: Feed unavailable
RIO,Raw_Materials,94.18,36.3,1.9679,1.13,12.76,19.31,19.58,6.94,-92.6,High,cf_df+cagr,-20.0,0.0,No recent news,Feed unavailable,"[{""headline"":""No recent news"",""score"":0.0,""label"":""Neutral"",""reason"":""Feed unavailable"",""geo_risk"":false,""pub_date"":"""",""link"":""""}]",False,0.92,47.9,Medium,2.09,2026-09-30 20:00,31.7,RED OVERVALUED: Above intrinsic value | NEWS: Feed unavailable
VALE,Raw_Materials,13.41,34.2,0.3586,1.06,26.81,4.11,4.75,0.32,-97.6,High,cf_df+cagr,-20.0,0.0,No recent news,Feed unavailable,"[{""headline"":""No recent news"",""score"":0.0,""label"":""Neutral"",""reason"":""Feed unavailable"",""geo_risk"":false,""pub_date"":"""",""link"":""""}]",False,1.08,37.4,Medium,2.67,2026-09-30 20:01,26.0,RED OVERVALUED: Above intrinsic value | NEWS: Feed unavailable
BHP,Raw_Materials,84.85,42.1,2.0986,1.95,21.93,24.0,16.73,53.47,-37.0,High,cf_df+cagr,-0.1,0.0,No recent news,Feed unavailable,"[{""headline"":""No recent news"",""score"":0.0,""label"":""Neutral"",""reason"":""Feed unavailable"",""geo_risk"":false,""pub_date"":"""",""link"":""""}]",False,0.68,40.4,Medium,2.47,2026-09-30 20:01,38.4,RED OVERVALUED: Above intrinsic value | HIGH QUALITY: Strong ROE & margins | NEWS: Feed unavailable
AA,Raw_Materials,41.99,30.3,1.4601,0.62,8.73,18.23,9.39,78.87,87.8,High,cf_df+cagr,28.8,0.0,No recent news,Feed unavailable,"[{""headline"":""No recent news"",""score"":0.0,""label"":""Neutral"",""reason"":""Feed unavailable"",""geo_risk"":false,""pub_date"":"""",""link"":""""}]",False,4.55,28.8,Medium,3.48,2026-09-30 20:01,69.6,GREEN STRONG VALUE: Deep discount to intrinsic value | NEWS: Feed unavailable
NUE,Raw_Materials,233.79,34.4,7.6246,0.73,18.64,14.55,7.99,1.74,-99.3,High,cf_df+cagr,-20.0,0.0,No recent news,Feed unavailable,"[{""headline"":""No recent news"",""score"":0.0,""label"":""Neutral"",""reason"":""Feed unavailable"",""geo_risk"":false,""pub_date"":"""",""link"":""""}]",False,2.51,30.7,Medium,3.26,2026-09-30 20:01,28.6,RED OVERVALUED: Above intrinsic value | NEWS: Feed unavailable
CLF,Raw_Materials,11.01,40.0,0.5993,0.99,0.0,-13.86,-4.56,30.39,176.1,Medium,cf_df,5.4,0.0,No recent news,Feed unavailable,"[{""headline"":""No recent news"",""score"":0.0,""label"":""Neutral"",""reason"":""Feed unavailable"",""geo_risk"":false,""pub_date"":"""",""link"":""""}]",False,14.21,18.4,High,5.44,2026-09-30 20:01,53.4,GREEN STRONG VALUE: Deep discount to intrinsic value | NEWS: Feed unavailable
STLD,Raw_Materials,221.61,35.9,7.5879,1.14,20.09,17.57,7.83,1.72,-99.2,High,cf_df+cagr,-20.0,0.0,No recent news,Feed unavailable,"[{""headline"":""No recent news"",""score"":0.0,""label"":""Neutral"",""reason"":""Feed unavailable"",""geo_risk"":false,""pub_date"":"""",""link"":""""}]",False,3.32,29.2,Medium,3.42,2026-09-30 20:01,30.7,RED OVERVALUED: Above intrinsic value | NEWS: Feed unavailable
RS,Raw_Materials,384.78,43.8,9.5179,0.56,22.38,12.23,5.66,13.81,-96.4,High,cf_df+cagr,-20.0,0.0,No recent news,Feed unavailable,"[{""headline"":""No recent news"",""score"":0.0,""label"":""Neutral"",""reason"":""Feed unavailable"",""geo_risk"":false,""pub_date"":"""",""link"":""""}]",False,3.11,40.4,Medium,2.47,2026-09-30 20:01,22.5,RED OVERVALUED: Above intrinsic value | NEWS: Feed unavailable
CMC,Raw_Materials,62.1,37.0,1.8384,0.65,11.74,13.79,6.72,0.0,0.0,N/A,no_shares,0.0,0.0,No recent news,Feed unavailable,"[{""headline"":""No recent news"",""score"":0.0,""label"":""Neutral"",""reason"":""Feed unavailable"",""geo_risk"":false,""pub_date"":"""",""link"":""""}]",False,7.39,33.8,Medium,2.96,2026-09-30 20:01,34.6,GREY: DCF not applicable | NEWS: Feed unavailable
LLY,Biochem_Pharma,1159.25,47.6,31.8578,1.07,38.99,102.29,33.53,94.2,-91.9,High,cf_df+cagr,13.9,0.0,No recent news,Feed unavailable,"[{""headline"":""No recent news"",""score"":0.0,""label"":""Neutral"",""reason"":""Feed unavailable"",""geo_risk"":false,""pub_date"":"""",""link"":""""}]",False,0.84,36.4,Medium,2.75,2026-09-30 20:02,38.1,RED OVERVALUED: Above intrinsic value | HIGH QUALITY: Strong ROE & margins | NEWS: Feed unavailable
NVO,Biochem_Pharma,37.9,28.7,1.1339,1.36,9.5,59.81,35.35,14.08,-62.9,High,cf_df+cagr,-20.0,0.0,No recent news,Feed unavailable,"[{""headline"":""No recent news"",""score"":0.0,""label"":""Neutral"",""reason"":""Feed unavailable"",""geo_risk"":false,""pub_date"":"""",""link"":""""}]",False,0.83,33.4,Medium,2.99,2026-09-30 20:02,51.1,RED OVERVALUED: Above intrinsic value | OVERSOLD: RSI < 30 | HIGH QUALITY: Strong ROE & margins | NEWS: Feed unavailable
JNJ,Biochem_Pharma,264.79,44.0,4.9029,0.55,30.72,25.74,21.48,104.82,-60.4,High,cf_df+cagr,4.0,0.0,No recent news,Feed unavailable,"[{""headline"":""No recent news"",""score"":0.0,""label"":""Neutral"",""reason"":""Feed unavailable"",""geo_risk"":false,""pub_date"":"""",""link"":""""}]",False,0.98,50.0,Low,1.85,2026-09-30 20:02,35.7,RED OVERVALUED: Above intrinsic value | HIGH QUALITY: Strong ROE & margins | NEWS: Feed unavailable
PFE,Biochem_Pharma,28.53,62.3,0.4489,0.76,37.54,5.01,6.8,0.78,-97.3,High,cf_df+cagr,-20.0,0.0,No recent news,Feed unavailable,"[{""headline"":""No recent news"",""score"":0.0,""label"":""Neutral"",""reason"":""Feed unavailable"",""geo_risk"":false,""pub_date"":"""",""link"":""""}]",False,2.72,50.0,Low,1.57,2026-09-30 20:02,11.1,RED OVERVALUED: Above intrinsic value | NEWS: Feed unavailable
MRK,Biochem_Pharma,145.39,49.1,3.3063,0.71,116.31,6.96,4.77,29.05,-80.0,High,cf_df+cagr,-5.6,0.0,No recent news,Feed unavailable,"[{""headline"":""No recent news"",""score"":0.0,""label"":""Neutral"",""reason"":""Feed unavailable"",""geo_risk"":false,""pub_date"":"""",""link"":""""}]",False,1.4,44.0,Medium,2.27,2026-09-30 20:02,19.7,RED OVERVALUED: Above intrinsic value | NEWS: Feed unavailable
ABBV,Biochem_Pharma,261.78,52.0,4.98,0.53,73.74,0.0,9.8,43.72,-83.3,High,cf_df+cagr,-9.8,0.0,No recent news,Feed unavailable,"[{""headline"":""No recent news"",""score"":0.0,""label"":""Neutral"",""reason"":""Feed unavailable"",""geo_risk"":false,""pub_date"":"""",""link"":""""}]",False,1.23,50.0,Low,1.9,2026-09-30 20:02,14.5,RED OVERVALUED: Above intrinsic value | NEWS: Feed unavailable
BMY,Biochem_Pharma,62.44,43.3,1.33,0.96,13.75,46.6,18.87,69.09,10.6,High,cf_df+cagr,2.4,0.0,No recent news,Feed unavailable,"[{""headline"":""No recent news"",""score"":0.0,""label"":""Neutral"",""reason"":""Feed unavailable"",""geo_risk"":false,""pub_date"":"""",""link"":""""}]",False,2.06,47.0,Medium,2.13,2026-09-30 20:02,52.2,YELLOW FAIR VALUE: Modest upside | HIGH QUALITY: Strong ROE & margins | NEWS: Feed unavailable
GILD,Biochem_Pharma,149.05,54.2,3.4564,0.8,0.0,-20.68,-10.64,95.05,-36.2,High,cf_df+cagr,4.3,0.0,No recent news,Feed unavailable,"[{""headline"":""No recent news"",""score"":0.0,""label"":""Neutral"",""reason"":""Feed unavailable"",""geo_risk"":false,""pub_date"":"""",""link"":""""}]",False,1.48,43.1,Medium,2.32,2026-09-30 20:02,9.9,RED OVERVALUED: Above intrinsic value | NEWS: Feed unavailable
AMGN,Biochem_Pharma,421.51,59.3,9.1771,0.81,26.18,91.47,22.95,83.61,-80.2,High,cf_df+cagr,-2.7,0.0,No recent news,Feed unavailable,"[{""headline"":""No recent news"",""score"":0.0,""label"":""Neutral"",""reason"":""Feed unavailable"",""geo_risk"":false,""pub_date"":"""",""link"":""""}]",False,2.6,45.9,Medium,2.18,2026-09-30 20:03,32.2,RED OVERVALUED: Above intrinsic value | HIGH QUALITY: Strong ROE & margins | NEWS: Feed unavailable
BIIB,Biochem_Pharma,225.88,58.9,5.2132,1.45,40.12,4.58,8.32,319.99,41.7,High,cf_df+cagr,19.9,0.0,No recent news,Feed unavailable,"[{""headline"":""No recent news"",""score"":0.0,""label"":""Neutral"",""reason"":""Feed unavailable"",""geo_risk"":false,""pub_date"":"""",""link"":""""}]",False,4.39,43.3,Medium,2.31,2026-09-30 20:03,43.2,GREEN STRONG VALUE: Deep discount to intrinsic value | NEWS: Feed unavailable
REGN,Biochem_Pharma,758.27,40.5,19.5227,1.13,18.78,14.04,27.87,582.67,-23.2,High,cf_df+cagr,3.5,0.0,No recent news,Feed unavailable,"[{""headline"":""No recent news"",""score"":0.0,""label"":""Neutral"",""reason"":""Feed unavailable"",""geo_risk"":false,""pub_date"":"""",""link"":""""}]",False,2.6,38.8,Medium,2.57,2026-09-30 20:03,38.0,RED OVERVALUED: Above intrinsic value | NEWS: Feed unavailable
VRTX,Biochem_Pharma,522.81,50.4,10.9707,1.03,30.48,23.54,35.0,123.16,-76.4,High,cf_df+cagr,-9.8,0.0,No recent news,Feed unavailable,"[{""headline"":""No recent news"",""score"":0.0,""label"":""Neutral"",""reason"":""Feed unavailable"",""geo_risk"":false,""pub_date"":"""",""link"":""""}]",False,2.1,47.7,Medium,2.1,2026-09-30 20:03,32.2,RED OVERVALUED: Above intrinsic value | HIGH QUALITY: Strong ROE & margins | NEWS: Feed unavailable
MRNA,Biochem_Pharma,192.57,68.3,13.5574,1.34,0.0,-39.0,-141.43,175.63,-8.8,Medium,cf_df,3.8,0.0,No recent news,Feed unavailable,"[{""headline"":""No recent news"",""score"":0.0,""label"":""Neutral"",""reason"":""Feed unavailable"",""geo_risk"":false,""pub_date"":"""",""link"":""""}]",False,10.06,14.2,High,7.04,2026-09-30 20:03,0.6,NEWS: Feed unavailable
BNTX,Biochem_Pharma,98.3,48.1,3.1696,0.93,0.0,-9.3,-63.64,143.44,45.9,Medium,cf_df,-20.0,0.0,No recent news,Feed unavailable,"[{""headline"":""No recent news"",""score"":0.0,""label"":""Neutral"",""reason"":""Feed unavailable"",""geo_risk"":false,""pub_date"":"""",""link"":""""}]",False,3.48,31.0,Medium,3.22,2026-09-30 20:03,41.0,GREEN STRONG VALUE: Deep discount to intrinsic value | NEWS: Feed unavailable
MELI,E_Commerce,1728.53,35.4,50.8464,1.04,46.97,27.5,5.3,9986.02,477.7,High,cf_df+cagr,35.0,0.0,No recent news,Feed unavailable,"[{""headline"":""No recent news"",""score"":0.0,""label"":""Neutral"",""reason"":""Feed unavailable"",""geo_risk"":false,""pub_date"":"""",""link"":""""}]",False,1.63,34.0,Medium,2.94,2026-09-30 20:03,72.5,GREEN STRONG VALUE: Deep discount to intrinsic value | NEWS: Feed unavailable
SE,E_Commerce,97.34,31.8,3.2734,0.67,37.58,14.73,5.91,387.26,297.8,High,cf_df+cagr,35.0,0.0,No recent news,Feed unavailable,"[{""headline"":""No recent news"",""score"":0.0,""label"":""Neutral"",""reason"":""Feed unavailable"",""geo_risk"":false,""pub_date"":"""",""link"":""""}]",False,3.34,29.7,Medium,3.36,2026-09-30 20:03,67.7,GREEN STRONG VALUE: Deep discount to intrinsic value | NEWS: Feed unavailable
GRAB,E_Commerce,3.11,45.2,0.1261,0.79,28.27,7.74,16.03,4.86,56.3,Medium,cf_df,11.8,0.0,No recent news,Feed unavailable,"[{""headline"":""No recent news"",""score"":0.0,""label"":""Neutral"",""reason"":""Feed unavailable"",""geo_risk"":false,""pub_date"":"""",""link"":""""}]",False,6.19,24.7,Medium,4.05,2026-09-30 20:04,58.6,GREEN STRONG VALUE: Deep discount to intrinsic value | NEWS: Feed unavailable
JPM,Banking,330.88,31.7,7.2261,0.57,14.17,17.79,34.92,301.63,-8.8,Medium,cf_df,35.0,0.0,No recent news,Feed unavailable,"[{""headline"":""No recent news"",""score"":0.0,""label"":""Neutral"",""reason"":""Feed unavailable"",""geo_risk"":false,""pub_date"":"""",""link"":""""}]",False,0.91,45.8,Medium,2.18,2026-09-30 20:04,43.5,NEWS: Feed unavailable
BAC,Banking,54.42,24.0,1.3246,0.65,12.57,11.2,29.52,76.48,40.5,Medium,cf_df,27.2,0.0,No recent news,Feed unavailable,"[{""headline"":""No recent news"",""score"":0.0,""label"":""Neutral"",""reason"":""Feed unavailable"",""geo_risk"":false,""pub_date"":"""",""link"":""""}]",False,0.0,41.1,Medium,2.43,2026-09-30 20:04,65.1,GREEN STRONG VALUE: Deep discount to intrinsic value | OVERSOLD: RSI < 30 | NEWS: Feed unavailable
WFC,Banking,80.11,31.8,2.1007,0.85,11.64,12.57,27.23,10.86,-86.4,High,cf_df+cagr,-20.0,0.0,No recent news,Feed unavailable,"[{""headline"":""No recent news"",""score"":0.0,""label"":""Neutral"",""reason"":""Feed unavailable"",""geo_risk"":false,""pub_date"":"""",""link"":""""}]",False,0.0,38.1,Medium,2.62,2026-09-30 20:04,35.6,RED OVERVALUED: Above intrinsic value | NEWS: Feed unavailable
C,Banking,129.5,39.4,3.6471,0.68,13.97,8.53,21.83,680.19,425.2,Medium,cf_df,35.0,0.0,No recent news,Feed unavailable,"[{""headline"":""No recent news"",""score"":0.0,""label"":""Neutral"",""reason"":""Feed unavailable"",""geo_risk"":false,""pub_date"":"""",""link"":""""}]",False,0.02,35.5,Medium,2.82,2026-09-30 20:04,66.4,GREEN STRONG VALUE: Deep discount to intrinsic value | NEWS: Feed unavailable
GS,Banking,901.64,30.6,26.9178,0.57,13.92,16.9,31.04,1703.09,88.9,Medium,cf_df,35.0,0.0,No recent news,Feed unavailable,"[{""headline"":""No recent news"",""score"":0.0,""label"":""Neutral"",""reason"":""Feed unavailable"",""geo_risk"":false,""pub_date"":"""",""link"":""""}]",False,2.39,33.5,Medium,2.99,2026-09-30 20:04,73.7,GREEN STRONG VALUE: Deep discount to intrinsic value | NEWS: Feed unavailable
MS,Banking,188.12,24.7,5.1443,0.82,15.2,17.97,25.9,674.13,258.4,Low,eps_proxy,35.0,0.0,No recent news,Feed unavailable,"[{""headline"":""No recent news"",""score"":0.0,""label"":""Neutral"",""reason"":""Feed unavailable"",""geo_risk"":false,""pub_date"":"""",""link"":""""}]",False,0.0,36.6,Medium,2.73,2026-09-30 20:04,78.1,GREEN STRONG VALUE: Deep discount to intrinsic value | OVERSOLD: RSI < 30 | NEWS: Feed unavailable
USB,Banking,57.77,31.7,1.2382,0.76,11.53,12.62,29.9,6.27,-89.1,High,cf_df+cagr,-20.0,0.0,No recent news,Feed unavailable,"[{""headline"":""No recent news"",""score"":0.0,""label"":""Neutral"",""reason"":""Feed unavailable"",""geo_risk"":false,""pub_date"":"""",""link"":""""}]",False,0.0,46.7,Medium,2.14,2026-09-30 20:04,35.1,RED OVERVALUED: Above intrinsic value | NEWS: Feed unavailable
PNC,Banking,222.27,28.5,4.813,0.78,12.25,12.62,31.37,5.39,-97.6,High,cf_df+cagr,-20.0,0.0,No recent news,Feed unavailable,"[{""headline"":""No recent news"",""score"":0.0,""label"":""Neutral"",""reason"":""Feed unavailable"",""geo_risk"":false,""pub_date"":"""",""link"":""""}]",False,1.94,46.2,Medium,2.17,2026-09-30 20:05,36.1,RED OVERVALUED: Above intrinsic value | OVERSOLD: RSI < 30 | NEWS: Feed unavailable
TFC,Banking,46.29,30.5,1.0996,0.55,10.64,9.06,30.69,4.7,-89.9,High,cf_df+cagr,-19.7,0.0,No recent news,Feed unavailable,"[{""headline"":""No recent news"",""score"":0.0,""label"":""Neutral"",""reason"":""Feed unavailable"",""geo_risk"":false,""pub_date"":"""",""link"":""""}]",False,2.16,42.1,Medium,2.38,2026-09-30 20:05,33.4,RED OVERVALUED: Above intrinsic value | NEWS: Feed unavailable
COF,Banking,193.23,31.9,4.6443,0.54,10.64,9.03,21.87,1520.97,687.1,High,cf_df+cagr,26.6,0.0,No recent news,Feed unavailable,"[{""headline"":""No recent news"",""score"":0.0,""label"":""Neutral"",""reason"":""Feed unavailable"",""geo_risk"":false,""pub_date"":"""",""link"":""""}]",False,1.81,41.6,Medium,2.4,2026-09-30 20:05,69.8,GREEN STRONG VALUE: Deep discount to intrinsic value | NEWS: Feed unavailable
AXP,Banking,304.21,33.3,6.0757,0.75,18.45,34.38,16.14,204.31,-32.8,High,cf_df+cagr,-5.9,0.0,No recent news,Feed unavailable,"[{""headline"":""No recent news"",""score"":0.0,""label"":""Neutral"",""reason"":""Feed unavailable"",""geo_risk"":false,""pub_date"":"""",""link"":""""}]",False,2.06,50.0,Medium,2.0,2026-09-30 20:05,42.5,RED OVERVALUED: Above intrinsic value | HIGH QUALITY: Strong ROE & margins | NEWS: Feed unavailable
V,Banking,359.5,39.4,5.7049,0.74,30.62,61.19,50.78,198.54,-44.8,High,cf_df+cagr,6.5,0.0,No recent news,Feed unavailable,"[{""headline"":""No recent news"",""score"":0.0,""label"":""Neutral"",""reason"":""Feed unavailable"",""geo_risk"":false,""pub_date"":"""",""link"":""""}]",False,1.09,50.0,Low,1.59,2026-09-30 20:05,44.7,RED OVERVALUED: Above intrinsic value | HIGH QUALITY: Strong ROE & margins | NEWS: Feed unavailable
MA,Banking,551.59,37.5,8.9943,0.92,30.31,241.2,46.34,462.18,-16.2,High,cf_df+cagr,17.6,0.0,No recent news,Feed unavailable,"[{""headline"":""No recent news"",""score"":0.0,""label"":""Neutral"",""reason"":""Feed unavailable"",""geo_risk"":false,""pub_date"":"""",""link"":""""}]",False,0.83,50.0,Low,1.63,2026-09-30 20:05,49.9,HIGH QUALITY: Strong ROE & margins | NEWS: Feed unavailable
PYPL,Banking,52.53,42.4,1.408,0.63,9.93,24.5,14.36,86.94,65.5,High,cf_df+cagr,2.9,0.0,No recent news,Feed unavailable,"[{""headline"":""No recent news"",""score"":0.0,""label"":""Neutral"",""reason"":""Feed unavailable"",""geo_risk"":false,""pub_date"":"""",""link"":""""}]",False,3.84,37.3,Medium,2.68,2026-09-30 20:05,66.1,GREEN STRONG VALUE: Deep discount to intrinsic value | NEWS: Feed unavailable
AFRM,Banking,69.23,44.7,3.2489,0.64,12.52,45.13,45.29,131.41,89.8,High,cf_df+cagr,35.0,0.0,No recent news,Feed unavailable,"[{""headline"":""No recent news"",""score"":0.0,""label"":""Neutral"",""reason"":""Feed unavailable"",""geo_risk"":false,""pub_date"":"""",""link"":""""}]",False,5.53,21.3,Medium,4.69,2026-09-30 20:05,75.2,GREEN STRONG VALUE: Deep discount to intrinsic value | HIGH QUALITY: Strong ROE & margins | NEWS: Feed unavailable
SOFI,Banking,15.72,35.1,0.6021,0.89,32.08,7.09,14.91,23.33,48.4,Low,eps_proxy,35.0,0.0,No recent news,Feed unavailable,"[{""headline"":""No recent news"",""score"":0.0,""label"":""Neutral"",""reason"":""Feed unavailable"",""geo_risk"":false,""pub_date"":"""",""link"":""""}]",False,14.83,26.1,Medium,3.83,2026-09-30 20:06,53.9,GREEN STRONG VALUE: Deep discount to intrinsic value | NEWS: Feed unavailable
BRK-A,Banking,748345.88,41.6,8430.0089,0.81,12.54,12.12,22.3,765494.16,2.3,High,cf_df+cagr,4.6,0.0,No recent news,Feed unavailable,"[{""headline"":""No recent news"",""score"":0.0,""label"":""Neutral"",""reason"":""Feed unavailable"",""geo_risk"":false,""pub_date"":"""",""link"":""""}]",False,0.06,50.0,Low,1.13,2026-09-30 20:06,47.3,NEWS: Feed unavailable
BRK-B,Banking,498.41,40.1,5.9457,0.98,12.53,12.12,22.3,433.81,-13.0,High,cf_df+cagr,4.6,0.0,No recent news,Feed unavailable,"[{""headline"":""No recent news"",""score"":0.0,""label"":""Neutral"",""reason"":""Feed unavailable"",""geo_risk"":false,""pub_date"":"""",""link"":""""}]",False,0.96,50.0,Low,1.19,2026-09-30 20:06,38.7,NEWS: Feed unavailable
BLK,Asset_Management,1058.31,42.4,24.1322,0.61,25.34,12.28,24.09,198.95,-81.2,High,cf_df+cagr,-7.0,0.0,No recent news,Feed unavailable,"[{""headline"":""No recent news"",""score"":0.0,""label"":""Neutral"",""reason"":""Feed unavailable"",""geo_risk"":false,""pub_date"":"""",""link"":""""}]",False,1.34,43.9,Medium,2.28,2026-09-30 20:06,29.6,RED OVERVALUED: Above intrinsic value | NEWS: Feed unavailable
SCHW,Asset_Management,97.74,30.5,2.4304,0.74,17.8,20.27,38.79,253.54,159.4,High,cf_df+cagr,35.0,0.0,No recent news,Feed unavailable,"[{""headline"":""No recent news"",""score"":0.0,""label"":""Neutral"",""reason"":""Feed unavailable"",""geo_risk"":false,""pub_date"":"""",""link"":""""}]",False,0.0,40.2,Medium,2.49,2026-09-30 20:06,75.8,GREEN STRONG VALUE: Deep discount to intrinsic value | HIGH QUALITY: Strong ROE & margins | NEWS: Feed unavailable
TROW,Asset_Management,104.05,40.2,2.0563,1.26,10.45,19.4,29.26,64.32,-38.2,High,cf_df+cagr,-11.3,0.0,No recent news,Feed unavailable,"[{""headline"":""No recent news"",""score"":0.0,""label"":""Neutral"",""reason"":""Feed unavailable"",""geo_risk"":false,""pub_date"":"""",""link"":""""}]",False,14.93,50.0,Low,1.98,2026-09-30 20:06,39.6,RED OVERVALUED: Above intrinsic value | NEWS: Feed unavailable
BEN,Asset_Management,32.12,37.7,0.7754,0.55,21.85,7.89,8.72,7.03,-78.1,High,cf_df+cagr,-20.0,0.0,No recent news,Feed unavailable,"[{""headline"":""No recent news"",""score"":0.0,""label"":""Neutral"",""reason"":""Feed unavailable"",""geo_risk"":false,""pub_date"":"""",""link"":""""}]",False,4.29,41.4,Medium,2.41,2026-09-30 20:06,25.3,RED OVERVALUED: Above intrinsic value | NEWS: Feed unavailable
IVZ,Asset_Management,30.16,40.6,0.9039,0.67,0.0,-0.57,-0.93,154.04,410.7,High,cf_df+cagr,35.0,0.0,No recent news,Feed unavailable,"[{""headline"":""No recent news"",""score"":0.0,""label"":""Neutral"",""reason"":""Feed unavailable"",""geo_risk"":false,""pub_date"":"""",""link"":""""}]",False,4.27,33.4,Medium,3.0,2026-09-30 20:07,57.1,GREEN STRONG VALUE: Deep discount to intrinsic value | NEWS: Feed unavailable
AMG,Asset_Management,365.52,52.4,11.1357,0.6,12.83,24.26,37.72,307.54,-15.9,High,cf_df+cagr,-2.5,0.0,No recent news,Feed unavailable,"[{""headline"":""No recent news"",""score"":0.0,""label"":""Neutral"",""reason"":""Feed unavailable"",""geo_risk"":false,""pub_date"":"""",""link"":""""}]",False,5.41,32.8,Medium,3.05,2026-09-30 20:07,35.9,HIGH QUALITY: Strong ROE & margins | NEWS: Feed unavailable
ARES,Asset_Management,116.14,30.5,4.2559,0.68,53.28,14.92,12.11,184.65,59.0,Medium,cf_df,7.7,0.0,No recent news,Feed unavailable,"[{""headline"":""No recent news"",""score"":0.0,""label"":""Neutral"",""reason"":""Feed unavailable"",""geo_risk"":false,""pub_date"":"""",""link"":""""}]",False,14.99,27.3,Medium,3.66,2026-09-30 20:07,68.4,GREEN STRONG VALUE: Deep discount to intrinsic value | NEWS: Feed unavailable
KKR,Asset_Management,91.31,31.0,2.8718,0.97,29.17,7.28,12.2,3.14,-96.6,Medium,cf_df,27.1,0.0,No recent news,Feed unavailable,"[{""headline"":""No recent news"",""score"":0.0,""label"":""Neutral"",""reason"":""Feed unavailable"",""geo_risk"":false,""pub_date"":"""",""link"":""""}]",False,1.97,31.8,Medium,3.15,2026-09-30 20:07,28.5,RED OVERVALUED: Above intrinsic value | NEWS: Feed unavailable
BAM,Asset_Management,44.58,32.2,1.0753,1.68,25.62,26.77,48.89,35.93,-19.4,High,cf_df+cagr,20.8,0.0,No recent news,Feed unavailable,"[{""headline"":""No recent news"",""score"":0.0,""label"":""Neutral"",""reason"":""Feed unavailable"",""geo_risk"":false,""pub_date"":"""",""link"":""""}]",False,4.93,41.5,Medium,2.41,2026-09-30 20:07,51.3,HIGH QUALITY: Strong ROE & margins | NEWS: Feed unavailable
APO,Asset_Management,116.08,29.7,3.8043,1.17,41.31,11.41,5.27,405.93,249.7,High,cf_df+cagr,24.1,0.0,No recent news,Feed unavailable,"[{""headline"":""No recent news"",""score"":0.0,""label"":""Neutral"",""reason"":""Feed unavailable"",""geo_risk"":false,""pub_date"":"""",""link"":""""}]",False,4.34,30.5,Medium,3.28,2026-09-30 20:07,69.4,GREEN STRONG VALUE: Deep discount to intrinsic value | OVERSOLD: RSI < 30 | NEWS: Feed unavailable
MSCI,Fintech,538.68,39.2,11.4185,0.82,29.42,0.0,40.73,330.18,-38.7,High,cf_df+cagr,12.6,0.0,No recent news,Feed unavailable,"[{""headline"":""No recent news"",""score"":0.0,""label"":""Neutral"",""reason"":""Feed unavailable"",""geo_risk"":false,""pub_date"":"""",""link"":""""}]",False,2.2,47.2,Medium,2.12,2026-09-30 20:07,30.6,RED OVERVALUED: Above intrinsic value | NEWS: Feed unavailable
SPGI,Fintech,394.76,36.6,8.21,0.75,24.01,14.26,30.54,686.87,74.0,High,cf_df+cagr,29.5,0.0,No recent news,Feed unavailable,"[{""headline"":""No recent news"",""score"":0.0,""label"":""Neutral"",""reason"":""Feed unavailable"",""geo_risk"":false,""pub_date"":"""",""link"":""""}]",False,2.23,48.1,Medium,2.08,2026-09-30 20:07,70.4,GREEN STRONG VALUE: Deep discount to intrinsic value | NEWS: Feed unavailable
MCO,Fintech,454.21,35.7,9.9493,1.0,29.19,76.93,34.25,544.71,19.9,High,cf_df+cagr,29.3,0.0,No recent news,Feed unavailable,"[{""headline"":""No recent news"",""score"":0.0,""label"":""Neutral"",""reason"":""Feed unavailable"",""geo_risk"":false,""pub_date"":"""",""link"":""""}]",False,1.91,45.7,Medium,2.19,2026-09-30 20:08,61.2,YELLOW FAIR VALUE: Modest upside | HIGH QUALITY: Strong ROE & margins | NEWS: Feed unavailable
ICE,Fintech,152.14,43.0,3.4107,0.59,21.46,14.09,38.25,84.01,-44.8,High,cf_df+cagr,8.0,0.0,No recent news,Feed unavailable,"[{""headline"":""No recent news"",""score"":0.0,""label"":""Neutral"",""reason"":""Feed unavailable"",""geo_risk"":false,""pub_date"":"""",""link"":""""}]",False,1.29,44.6,Medium,2.24,2026-09-30 20:08,32.9,RED OVERVALUED: Above intrinsic value | NEWS: Feed unavailable
CME,Fintech,261.98,38.9,5.9,0.99,22.22,15.8,63.44,233.78,-10.8,High,cf_df+cagr,12.2,0.0,No recent news,Feed unavailable,"[{""headline"":""No recent news"",""score"":0.0,""label"":""Neutral"",""reason"":""Feed unavailable"",""geo_risk"":false,""pub_date"":"""",""link"":""""}]",False,1.8,44.4,Medium,2.25,2026-09-30 20:08,40.8,NEWS: Feed unavailable
NDAQ,Fintech,92.01,43.8,2.1407,0.96,26.83,16.52,35.04,47.0,-48.9,High,cf_df+cagr,8.6,0.0,No recent news,Feed unavailable,"[{""headline"":""No recent news"",""score"":0.0,""label"":""Neutral"",""reason"":""Feed unavailable"",""geo_risk"":false,""pub_date"":"""",""link"":""""}]",False,1.97,43.0,Medium,2.33,2026-09-30 20:08,34.6,RED OVERVALUED: Above intrinsic value | NEWS: Feed unavailable
CBOE,Fintech,275.06,48.4,10.6429,1.75,21.44,26.3,26.73,775.28,181.9,High,cf_df+cagr,35.0,0.0,No recent news,Feed unavailable,"[{""headline"":""No recent news"",""score"":0.0,""label"":""Neutral"",""reason"":""Feed unavailable"",""geo_risk"":false,""pub_date"":"""",""link"":""""}]",False,2.98,25.8,Medium,3.87,2026-09-30 20:08,73.3,GREEN STRONG VALUE: Deep discount to intrinsic value | HIGH QUALITY: Strong ROE & margins | NEWS: Feed unavailable
BX,Fintech,112.12,25.7,3.5771,1.01,25.08,31.37,22.73,32.27,-71.2,High,cf_df+cagr,-9.3,0.0,No recent news,Feed unavailable,"[{""headline"":""No recent news"",""score"":0.0,""label"":""Neutral"",""reason"":""Feed unavailable"",""geo_risk"":false,""pub_date"":"""",""link"":""""}]",False,2.63,31.3,Medium,3.19,2026-09-30 20:08,48.0,RED OVERVALUED: Above intrinsic value | OVERSOLD: RSI < 30 | HIGH QUALITY: Strong ROE & margins | NEWS: Feed unavailable
UNH,Healthcare,367.31,34.6,7.9017,0.64,23.61,14.15,3.14,83.11,-77.4,High,cf_df+cagr,-11.8,0.0,No recent news,Feed unavailable,"[{""headline"":""No recent news"",""score"":0.0,""label"":""Neutral"",""reason"":""Feed unavailable"",""geo_risk"":false,""pub_date"":"""",""link"":""""}]",False,1.64,46.5,Medium,2.15,2026-09-30 20:08,29.7,RED OVERVALUED: Above intrinsic value | NEWS: Feed unavailable
CI,Healthcare,271.82,44.9,6.995,1.58,11.25,16.76,2.27,378.1,39.1,High,cf_df+cagr,4.5,0.0,No recent news,Feed unavailable,"[{""headline"":""No recent news"",""score"":0.0,""label"":""Neutral"",""reason"":""Feed unavailable"",""geo_risk"":false,""pub_date"":"""",""link"":""""}]",False,2.77,38.9,Medium,2.57,2026-09-30 20:08,55.6,GREEN STRONG VALUE: Deep discount to intrinsic value | NEWS: Feed unavailable
CVS,Healthcare,85.72,33.0,2.1464,0.81,22.62,6.21,1.18,3.53,-95.9,High,cf_df+cagr,-16.6,0.0,No recent news,Feed unavailable,"[{""headline"":""No recent news"",""score"":0.0,""label"":""Neutral"",""reason"":""Feed unavailable"",""geo_risk"":false,""pub_date"":"""",""link"":""""}]",False,1.27,39.9,Medium,2.5,2026-09-30 20:09,26.5,RED OVERVALUED: Above intrinsic value | NEWS: Feed unavailable
HUM,Healthcare,381.56,46.0,12.5539,0.76,36.27,6.89,0.88,91.32,-76.1,High,cf_df+cagr,-20.0,0.0,No recent news,Feed unavailable,"[{""headline"":""No recent news"",""score"":0.0,""label"":""Neutral"",""reason"":""Feed unavailable"",""geo_risk"":false,""pub_date"":"""",""link"":""""}]",False,2.69,30.4,Medium,3.29,2026-09-30 20:09,21.7,RED OVERVALUED: Above intrinsic value | NEWS: Feed unavailable
CNC,Healthcare,62.14,41.2,2.1168,0.47,0.0,-20.36,-2.83,93.05,49.7,High,cf_df+cagr,-9.3,0.0,No recent news,Feed unavailable,"[{""headline"":""No recent news"",""score"":0.0,""label"":""Neutral"",""reason"":""Feed unavailable"",""geo_risk"":false,""pub_date"":"""",""link"":""""}]",False,3.28,29.4,Medium,3.41,2026-09-30 20:09,38.1,GREEN STRONG VALUE: Deep discount to intrinsic value | NEWS: Feed unavailable
MOH,Healthcare,189.05,39.8,6.3371,0.66,1260.33,-0.16,-0.02,174.43,-7.7,High,cf_df+cagr,-10.7,0.0,No recent news,Feed unavailable,"[{""headline"":""No recent news"",""score"":0.0,""label"":""Neutral"",""reason"":""Feed unavailable"",""geo_risk"":false,""pub_date"":"""",""link"":""""}]",False,7.15,29.8,Medium,3.35,2026-09-30 20:09,27.7,NEWS: Feed unavailable
ELV,Healthcare,388.78,39.0,8.6614,0.72,17.19,11.13,2.47,101.62,-73.9,High,cf_df+cagr,-20.0,0.0,No recent news,Feed unavailable,"[{""headline"":""No recent news"",""score"":0.0,""label"":""Neutral"",""reason"":""Feed unavailable"",""geo_risk"":false,""pub_date"":"""",""link"":""""}]",False,2.75,44.9,Medium,2.23,2026-09-30 20:09,26.9,RED OVERVALUED: Above intrinsic value | NEWS: Feed unavailable
HCA,Healthcare,426.93,52.8,12.2316,0.57,14.31,0.0,8.77,870.05,103.8,High,cf_df+cagr,23.1,0.0,No recent news,Feed unavailable,"[{""headline"":""No recent news"",""score"":0.0,""label"":""Neutral"",""reason"":""Feed unavailable"",""geo_risk"":false,""pub_date"":"""",""link"":""""}]",False,4.6,34.9,Medium,2.87,2026-09-30 20:09,50.9,GREEN STRONG VALUE: Deep discount to intrinsic value | NEWS: Feed unavailable
THC,Healthcare,255.54,46.2,7.3879,0.4,9.88,37.34,10.27,1360.77,432.5,High,cf_df+cagr,35.0,0.0,No recent news,Feed unavailable,"[{""headline"":""No recent news"",""score"":0.0,""label"":""Neutral"",""reason"":""Feed unavailable"",""geo_risk"":false,""pub_date"":"""",""link"":""""}]",False,2.94,34.6,Medium,2.89,2026-09-30 20:09,68.4,GREEN STRONG VALUE: Deep discount to intrinsic value | NEWS: Feed unavailable
UHS,Healthcare,174.31,49.4,5.6979,0.58,7.11,20.95,8.42,661.59,279.5,High,cf_df+cagr,35.0,0.0,No recent news,Feed unavailable,"[{""headline"":""No recent news"",""score"":0.0,""label"":""Neutral"",""reason"":""Feed unavailable"",""geo_risk"":false,""pub_date"":"""",""link"":""""}]",False,6.58,30.6,Medium,3.27,2026-09-30 20:10,61.0,GREEN STRONG VALUE: Deep discount to intrinsic value | NEWS: Feed unavailable
ISRG,Medical_Device,406.63,62.3,10.5629,0.63,46.53,17.42,28.45,346.07,-14.9,High,cf_df+cagr,35.0,0.0,No recent news,Feed unavailable,"[{""headline"":""No recent news"",""score"":0.0,""label"":""Neutral"",""reason"":""Feed unavailable"",""geo_risk"":false,""pub_date"":"""",""link"":""""}]",False,2.31,38.5,Medium,2.6,2026-09-30 20:10,28.3,NEWS: Feed unavailable
MDT,Medical_Device,86.26,37.5,1.9956,1.86,21.25,10.65,13.93,51.54,-40.3,High,cf_df+cagr,5.8,0.0,No recent news,Feed unavailable,"[{""headline"":""No recent news"",""score"":0.0,""label"":""Neutral"",""reason"":""Feed unavailable"",""geo_risk"":false,""pub_date"":"""",""link"":""""}]",False,1.35,43.2,Medium,2.31,2026-09-30 20:10,34.7,RED OVERVALUED: Above intrinsic value | NEWS: Feed unavailable
TMO,Medical_Device,675.35,70.4,15.3666,0.77,36.41,13.51,15.04,78.62,-88.4,High,cf_df+cagr,-3.1,0.0,No recent news,Feed unavailable,"[{""headline"":""No recent news"",""score"":0.0,""label"":""Neutral"",""reason"":""Feed unavailable"",""geo_risk"":false,""pub_date"":"""",""link"":""""}]",False,1.36,43.9,Medium,2.28,2026-09-30 20:10,11.4,RED OVERVALUED: Above intrinsic value | OVERBOUGHT: RSI > 70 | NEWS: Feed unavailable
DHR,Medical_Device,221.64,60.6,5.5677,0.93,39.51,7.61,15.95,23.36,-89.5,High,cf_df+cagr,-10.8,0.0,No recent news,Feed unavailable,"[{""headline"":""No recent news"",""score"":0.0,""label"":""Neutral"",""reason"":""Feed unavailable"",""geo_risk"":false,""pub_date"":"""",""link"":""""}]",False,1.33,39.8,Medium,2.51,2026-09-30 20:10,14.3,RED OVERVALUED: Above intrinsic value | NEWS: Feed unavailable
ABT,Medical_Device,98.82,29.9,1.9893,0.57,31.98,10.58,11.65,32.89,-66.7,High,cf_df+cagr,-1.8,0.0,No recent news,Feed unavailable,"[{""headline"":""No recent news"",""score"":0.0,""label"":""Neutral"",""reason"":""Feed unavailable"",""geo_risk"":false,""pub_date"":"""",""link"":""""}]",False,1.29,49.7,Medium,2.01,2026-09-30 20:10,31.2,RED OVERVALUED: Above intrinsic value | OVERSOLD: RSI < 30 | NEWS: Feed unavailable
SYK,Medical_Device,275.59,37.0,6.8987,0.64,28.56,16.51,14.43,386.35,40.2,High,cf_df+cagr,28.1,0.0,No recent news,Feed unavailable,"[{""headline"":""No recent news"",""score"":0.0,""label"":""Neutral"",""reason"":""Feed unavailable"",""geo_risk"":false,""pub_date"":"""",""link"":""""}]",False,2.09,39.9,Medium,2.5,2026-09-30 20:10,55.7,GREEN STRONG VALUE: Deep discount to intrinsic value | NEWS: Feed unavailable
BSX,Medical_Device,43.65,40.7,1.1611,0.66,17.67,15.34,17.5,103.67,137.5,High,cf_df+cagr,35.0,0.0,No recent news,Feed unavailable,"[{""headline"":""No recent news"",""score"":0.0,""label"":""Neutral"",""reason"":""Feed unavailable"",""geo_risk"":false,""pub_date"":"""",""link"":""""}]",False,3.21,37.6,Medium,2.66,2026-09-30 20:10,63.4,GREEN STRONG VALUE: Deep discount to intrinsic value | NEWS: Feed unavailable
EW,Medical_Device,86.36,44.2,2.1643,1.06,50.8,9.18,15.43,52.79,-38.9,High,cf_df+cagr,11.9,0.0,No recent news,Feed unavailable,"[{""headline"":""No recent news"",""score"":0.0,""label"":""Neutral"",""reason"":""Feed unavailable"",""geo_risk"":false,""pub_date"":"""",""link"":""""}]",False,1.79,39.9,Medium,2.51,2026-09-30 20:10,27.7,RED OVERVALUED: Above intrinsic value | NEWS: Feed unavailable
BAX,Medical_Device,24.01,47.7,0.6986,1.05,0.0,-14.37,-9.27,0.34,-98.6,High,cf_df+cagr,-17.5,0.0,No recent news,Feed unavailable,"[{""headline"":""No recent news"",""score"":0.0,""label"":""Neutral"",""reason"":""Feed unavailable"",""geo_risk"":false,""pub_date"":"""",""link"":""""}]",False,7.09,34.4,Medium,2.91,2026-09-30 20:11,11.7,RED OVERVALUED: Above intrinsic value | NEWS: Feed unavailable
BDX,Medical_Device,179.09,46.5,3.815,0.65,30.93,6.61,4.19,184.26,2.9,High,cf_df+cagr,17.2,0.0,No recent news,Feed unavailable,"[{""headline"":""No recent news"",""score"":0.0,""label"":""Neutral"",""reason"":""Feed unavailable"",""geo_risk"":false,""pub_date"":"""",""link"":""""}]",False,4.74,46.9,Medium,2.13,2026-09-30 20:11,37.0,NEWS: Feed unavailable
ZBH,Medical_Device,88.83,35.5,2.555,0.86,21.56,6.41,9.48,101.55,14.3,High,cf_df+cagr,10.0,0.0,No recent news,Feed unavailable,"[{""headline"":""No recent news"",""score"":0.0,""label"":""Neutral"",""reason"":""Feed unavailable"",""geo_risk"":false,""pub_date"":"""",""link"":""""}]",False,5.93,34.8,Medium,2.88,2026-09-30 20:11,43.3,YELLOW FAIR VALUE: Modest upside | NEWS: Feed unavailable
DXCM,Medical_Device,86.29,47.4,2.1004,0.79,34.11,38.49,20.12,137.58,59.4,High,cf_df+cagr,35.0,0.0,No recent news,Feed unavailable,"[{""headline"":""No recent news"",""score"":0.0,""label"":""Neutral"",""reason"":""Feed unavailable"",""geo_risk"":false,""pub_date"":"""",""link"":""""}]",False,5.28,41.1,Medium,2.43,2026-09-30 20:11,74.5,GREEN STRONG VALUE: Deep discount to intrinsic value | HIGH QUALITY: Strong ROE & margins | NEWS: Feed unavailable
TDOC,Telemedicine,5.8,33.8,0.2236,0.81,0.0,-12.98,-7.13,34.6,497.1,High,cf_df+cagr,35.0,0.0,No recent news,Feed unavailable,"[{""headline"":""No recent news"",""score"":0.0,""label"":""Neutral"",""reason"":""Feed unavailable"",""geo_risk"":false,""pub_date"":"""",""link"":""""}]",False,15.28,25.9,Medium,3.86,2026-09-30 20:11,56.1,GREEN STRONG VALUE: Deep discount to intrinsic value | SHORT PRESSURE: 15.3% of float | NEWS: Feed unavailable
VEEV,Telemedicine,285.34,68.8,7.7943,0.75,46.78,14.42,29.34,303.98,6.5,High,cf_df+cagr,21.9,0.0,No recent news,Feed unavailable,"[{""headline"":""No recent news"",""score"":0.0,""label"":""Neutral"",""reason"":""Feed unavailable"",""geo_risk"":false,""pub_date"":"""",""link"":""""}]",False,3.35,36.6,Medium,2.73,2026-09-30 20:11,34.4,NEWS: Feed unavailable
DOCU,Telemedicine,67.15,53.4,2.6947,0.51,40.95,17.8,9.82,273.26,306.9,High,cf_df+cagr,35.0,0.0,No recent news,Feed unavailable,"[{""headline"":""No recent news"",""score"":0.0,""label"":""Neutral"",""reason"":""Feed unavailable"",""geo_risk"":false,""pub_date"":"""",""link"":""""}]",False,9.76,24.9,Medium,4.01,2026-09-30 20:11,57.5,GREEN STRONG VALUE: Deep discount to intrinsic value | NEWS: Feed unavailable
ZM,Telemedicine,90.77,43.9,2.7561,0.93,8.43,32.14,65.19,213.44,135.1,High,cf_df+cagr,17.9,0.0,No recent news,Feed unavailable,"[{""headline"":""No recent news"",""score"":0.0,""label"":""Neutral"",""reason"":""Feed unavailable"",""geo_risk"":false,""pub_date"":"""",""link"":""""}]",False,2.69,32.9,Medium,3.04,2026-09-30 20:12,74.6,GREEN STRONG VALUE: Deep discount to intrinsic value | HIGH QUALITY: Strong ROE & margins | NEWS: Feed unavailable
TEAM,Telemedicine,179.29,50.4,8.9134,0.71,0.0,-4.48,-0.82,197.66,10.2,High,cf_df+cagr,16.1,0.0,No recent news,Feed unavailable,"[{""headline"":""No recent news"",""score"":0.0,""label"":""Neutral"",""reason"":""Feed unavailable"",""geo_risk"":false,""pub_date"":"""",""link"":""""}]",False,6.09,20.1,Medium,4.97,2026-09-30 20:12,30.8,YELLOW FAIR VALUE: Modest upside | NEWS: Feed unavailable
WDAY,Cloud_Software,190.46,51.3,6.8571,0.78,39.11,16.01,12.32,545.86,186.6,High,cf_df+cagr,29.1,0.0,No recent news,Feed unavailable,"[{""headline"":""No recent news"",""score"":0.0,""label"":""Neutral"",""reason"":""Feed unavailable"",""geo_risk"":false,""pub_date"":"""",""link"":""""}]",False,8.31,27.8,Medium,3.6,2026-09-30 20:12,58.9,GREEN STRONG VALUE: Deep discount to intrinsic value | NEWS: Feed unavailable
ASAN,Cloud_Software,8.43,42.3,0.6214,0.51,0.0,-93.8,-18.62,8.47,0.5,Medium,cf_df,7.0,0.0,No recent news,Feed unavailable,"[{""headline"":""No recent news"",""score"":0.0,""label"":""Neutral"",""reason"":""Feed unavailable"",""geo_risk"":false,""pub_date"":"""",""link"":""""}]",False,24.51,13.6,High,7.37,2026-09-30 20:12,0.0,SHORT PRESSURE: 24.5% of float | NEWS: Feed unavailable
MDB,Cloud_Software,348.61,40.9,28.5893,1.84,491.0,1.99,2.12,325.84,-6.5,High,cf_df+cagr,35.0,0.0,No recent news,Feed unavailable,"[{""headline"":""No recent news"",""score"":0.0,""label"":""Neutral"",""reason"":""Feed unavailable"",""geo_risk"":false,""pub_date"":"""",""link"":""""}]",False,3.67,12.2,High,8.2,2026-09-30 20:12,32.7,NEWS: Feed unavailable
NET,Cloud_Software,347.24,60.1,17.5395,0.66,0.0,-14.43,-8.21,40.48,-88.3,High,cf_df+cagr,35.0,0.0,No recent news,Feed unavailable,"[{""headline"":""No recent news"",""score"":0.0,""label"":""Neutral"",""reason"":""Feed unavailable"",""geo_risk"":false,""pub_date"":"""",""link"":""""}]",False,2.71,19.8,High,5.05,2026-09-30 20:12,4.7,RED OVERVALUED: Above intrinsic value | NEWS: Feed unavailable
FROG,Cloud_Software,97.04,58.4,5.0206,0.99,0.0,-4.93,-7.35,61.59,-36.5,High,cf_df+cagr,35.0,0.0,No recent news,Feed unavailable,"[{""headline"":""No recent news"",""score"":0.0,""label"":""Neutral"",""reason"":""Feed unavailable"",""geo_risk"":false,""pub_date"":"""",""link"":""""}]",False,6.58,19.3,High,5.17,2026-09-30 20:12,14.9,RED OVERVALUED: Above intrinsic value | NEWS: Feed unavailable
BILL,Cloud_Software,42.55,35.1,1.8473,0.55,0.0,-0.3,-0.68,174.9,311.0,High,cf_df+cagr,31.3,0.0,No recent news,Feed unavailable,"[{""headline"":""No recent news"",""score"":0.0,""label"":""Neutral"",""reason"":""Feed unavailable"",""geo_risk"":false,""pub_date"":"""",""link"":""""}]",False,17.56,23.0,Medium,4.34,2026-09-30 20:12,59.5,GREEN STRONG VALUE: Deep discount to intrinsic value | SHORT PRESSURE: 17.6% of float | NEWS: Feed unavailable
GTLB,Cloud_Software,47.25,53.6,1.8224,0.62,0.0,-5.74,-4.99,34.22,-27.6,Medium,cf_df,11.5,0.0,No recent news,Feed unavailable,"[{""headline"":""No recent news"",""score"":0.0,""label"":""Neutral"",""reason"":""Feed unavailable"",""geo_risk"":false,""pub_date"":"""",""link"":""""}]",False,8.66,25.9,Medium,3.86,2026-09-30 20:12,16.2,RED OVERVALUED: Above intrinsic value | NEWS: Feed unavailable
PD,Cloud_Software,15.1,65.7,0.5901,1.35,7.44,82.56,37.5,62.99,317.1,High,cf_df+cagr,35.0,0.0,No recent news,Feed unavailable,"[{""headline"":""No recent news"",""score"":0.0,""label"":""Neutral"",""reason"":""Feed unavailable"",""geo_risk"":false,""pub_date"":"""",""link"":""""}]",False,13.15,25.6,Medium,3.91,2026-09-30 20:13,67.5,GREEN STRONG VALUE: Deep discount to intrinsic value | HIGH QUALITY: Strong ROE & margins | NEWS: Feed unavailable
ESTC,Cloud_Software,91.69,58.8,3.4914,0.67,26.2,33.12,20.84,154.4,68.4,High,cf_df+cagr,35.0,0.0,No recent news,Feed unavailable,"[{""headline"":""No recent news"",""score"":0.0,""label"":""Neutral"",""reason"":""Feed unavailable"",""geo_risk"":false,""pub_date"":"""",""link"":""""}]",False,4.59,26.3,Medium,3.81,2026-09-30 20:13,66.5,GREEN STRONG VALUE: Deep discount to intrinsic value | HIGH QUALITY: Strong ROE & margins | NEWS: Feed unavailable
PANW,Cybersecurity,397.31,60.9,18.9913,0.83,1018.74,1.74,2.67,120.06,-69.8,High,cf_df+cagr,16.1,0.0,No recent news,Feed unavailable,"[{""headline"":""No recent news"",""score"":0.0,""label"":""Neutral"",""reason"":""Feed unavailable"",""geo_risk"":false,""pub_date"":"""",""link"":""""}]",False,2.69,20.9,Medium,4.78,2026-09-30 20:13,13.0,RED OVERVALUED: Above intrinsic value | NEWS: Feed unavailable
FTNT,Cybersecurity,178.76,62.2,6.7157,0.7,63.17,117.44,28.17,74.94,-58.1,High,cf_df+cagr,15.4,0.0,No recent news,Feed unavailable,"[{""headline"":""No recent news"",""score"":0.0,""label"":""Neutral"",""reason"":""Feed unavailable"",""geo_risk"":false,""pub_date"":"""",""link"":""""}]",False,2.26,26.6,Medium,3.76,2026-09-30 20:13,32.1,RED OVERVALUED: Above intrinsic value | HIGH QUALITY: Strong ROE & margins | NEWS: Feed unavailable
S,Cybersecurity,23.77,59.8,1.2407,0.77,0.0,-23.01,-30.95,4.88,-79.5,Medium,cf_df,11.2,0.0,No recent news,Feed unavailable,"[{""headline"":""No recent news"",""score"":0.0,""label"":""Neutral"",""reason"":""Feed unavailable"",""geo_risk"":false,""pub_date"":"""",""link"":""""}]",False,5.98,19.2,High,5.22,2026-09-30 20:13,2.6,RED OVERVALUED: Above intrinsic value | NEWS: Feed unavailable
TENB,Cybersecurity,36.39,53.9,2.3793,0.96,606.5,2.46,0.65,92.08,153.0,High,cf_df+cagr,30.7,0.0,No recent news,Feed unavailable,"[{""headline"":""No recent news"",""score"":0.0,""label"":""Neutral"",""reason"":""Feed unavailable"",""geo_risk"":false,""pub_date"":"""",""link"":""""}]",False,19.36,15.3,High,6.54,2026-09-30 20:13,52.9,GREEN STRONG VALUE: Deep discount to intrinsic value | SHORT PRESSURE: 19.4% of float | NEWS: Feed unavailable
RPD,Cybersecurity,12.22,52.1,0.9448,0.74,39.42,14.03,2.35,88.22,621.9,High,cf_df+cagr,35.0,0.0,No recent news,Feed unavailable,"[{""headline"":""No recent news"",""score"":0.0,""label"":""Neutral"",""reason"":""Feed unavailable"",""geo_risk"":false,""pub_date"":"""",""link"":""""}]",False,12.96,12.9,High,7.73,2026-09-30 20:13,57.5,GREEN STRONG VALUE: Deep discount to intrinsic value | NEWS: Feed unavailable
SAIL,Cybersecurity,20.36,54.3,1.2704,0.98,0.0,-2.88,-16.92,2.16,-89.4,Medium,cf_df,9.7,0.0,No recent news,Feed unavailable,"[{""headline"":""No recent news"",""score"":0.0,""label"":""Neutral"",""reason"":""Feed unavailable"",""geo_risk"":false,""pub_date"":"""",""link"":""""}]",False,25.41,16.0,High,6.24,2026-09-30 20:14,13.5,RED OVERVALUED: Above intrinsic value | SHORT PRESSURE: 25.4% of float | NEWS: Feed unavailable
QLYS,Cybersecurity,187.2,57.7,10.4114,0.86,32.44,38.59,29.38,256.87,37.2,High,cf_df+cagr,20.3,0.0,No recent news,Feed unavailable,"[{""headline"":""No recent news"",""score"":0.0,""label"":""Neutral"",""reason"":""Feed unavailable"",""geo_risk"":false,""pub_date"":"""",""link"":""""}]",False,13.81,18.0,High,5.56,2026-09-30 20:14,59.6,GREEN STRONG VALUE: Deep discount to intrinsic value | HIGH QUALITY: Strong ROE & margins | NEWS: Feed unavailable
VRNS,Cybersecurity,47.45,55.1,1.9045,0.54,0.0,-35.97,-20.55,56.24,18.5,High,cf_df+cagr,35.0,0.0,No recent news,Feed unavailable,"[{""headline"":""No recent news"",""score"":0.0,""label"":""Neutral"",""reason"":""Feed unavailable"",""geo_risk"":false,""pub_date"":"""",""link"":""""}]",False,6.85,24.9,Medium,4.01,2026-09-30 20:14,15.2,YELLOW FAIR VALUE: Modest upside | NEWS: Feed unavailable
ROKU,Streaming,152.28,43.6,1.6779,0.66,64.53,13.12,6.82,188.42,23.7,High,cf_df+cagr,35.0,0.0,No recent news,Feed unavailable,"[{""headline"":""No recent news"",""score"":0.0,""label"":""Neutral"",""reason"":""Feed unavailable"",""geo_risk"":false,""pub_date"":"""",""link"":""""}]",False,5.78,50.0,Low,1.1,2026-09-30 20:14,51.1,YELLOW FAIR VALUE: Modest upside | NEWS: Feed unavailable
SPOT,Streaming,487.39,37.9,17.4871,0.69,26.9,44.48,18.43,697.88,43.2,High,cf_df+cagr,35.0,0.0,No recent news,Feed unavailable,"[{""headline"":""No recent news"",""score"":0.0,""label"":""Neutral"",""reason"":""Feed unavailable"",""geo_risk"":false,""pub_date"":"""",""link"":""""}]",False,2.86,27.9,Medium,3.59,2026-09-30 20:14,63.8,GREEN STRONG VALUE: Deep discount to intrinsic value | HIGH QUALITY: Strong ROE & margins | NEWS: Feed unavailable
RBLX,Gaming,42.38,43.8,2.7011,1.16,0.0,-432.28,-17.61,98.05,131.4,High,cf_df+cagr,35.0,0.0,No recent news,Feed unavailable,"[{""headline"":""No recent news"",""score"":0.0,""label"":""Neutral"",""reason"":""Feed unavailable"",""geo_risk"":false,""pub_date"":"""",""link"":""""}]",False,3.76,15.7,High,6.37,2026-09-30 20:14,0.0,GREEN STRONG VALUE: Deep discount to intrinsic value | NEWS: Feed unavailable
TTWO,Gaming,207.5,41.5,6.2025,0.94,0.0,-9.04,-4.79,29.66,-85.7,Medium,cf_df,3.8,0.0,No recent news,Feed unavailable,"[{""headline"":""No recent news"",""score"":0.0,""label"":""Neutral"",""reason"":""Feed unavailable"",""geo_risk"":false,""pub_date"":"""",""link"":""""}]",False,4.45,33.5,Medium,2.99,2026-09-30 20:14,17.5,RED OVERVALUED: Above intrinsic value | NEWS: Feed unavailable
DKNG,Gaming,19.0,27.2,1.2285,1.02,0.0,-21.14,-2.68,11.34,-40.3,Medium,cf_df,1.2,0.0,No recent news,Feed unavailable,"[{""headline"":""No recent news"",""score"":0.0,""label"":""Neutral"",""reason"":""Feed unavailable"",""geo_risk"":false,""pub_date"":"""",""link"":""""}]",False,7.82,15.5,High,6.47,2026-09-30 20:14,23.8,RED OVERVALUED: Above intrinsic value | OVERSOLD: RSI < 30 | NEWS: Feed unavailable
PENN,Gaming,14.65,24.2,0.6336,0.86,0.0,-37.58,-12.66,0.84,-94.3,Medium,cf_df,5.1,0.0,No recent news,Feed unavailable,"[{""headline"":""No recent news"",""score"":0.0,""label"":""Neutral"",""reason"":""Feed unavailable"",""geo_risk"":false,""pub_date"":"""",""link"":""""}]",False,16.62,23.1,Medium,4.32,2026-09-30 20:15,13.8,RED OVERVALUED: Above intrinsic value | OVERSOLD: RSI < 30 | SHORT PRESSURE: 16.6% of float | NEWS: Feed unavailable
MGM,Gaming,31.05,12.3,1.3082,1.15,18.82,18.92,2.4,16.92,-45.5,High,cf_df+cagr,13.8,0.0,No recent news,Feed unavailable,"[{""headline"":""No recent news"",""score"":0.0,""label"":""Neutral"",""reason"":""Feed unavailable"",""geo_risk"":false,""pub_date"":"""",""link"":""""}]",False,15.99,23.7,Medium,4.21,2026-09-30 20:15,43.9,RED OVERVALUED: Above intrinsic value | OVERSOLD: RSI < 30 | SHORT PRESSURE: 16.0% of float | NEWS: Feed unavailable
LVS,Gaming,37.81,21.4,0.9096,1.08,14.66,122.87,12.59,8.77,-76.8,High,cf_df+cagr,-4.9,0.0,No recent news,Feed unavailable,"[{""headline"":""No recent news"",""score"":0.0,""label"":""Neutral"",""reason"":""Feed unavailable"",""geo_risk"":false,""pub_date"":"""",""link"":""""}]",False,14.42,41.6,Medium,2.41,2026-09-30 20:15,47.5,RED OVERVALUED: Above intrinsic value | OVERSOLD: RSI < 30 | NEWS: Feed unavailable
WYNN,Gaming,79.43,27.3,2.5757,1.42,19.05,0.0,6.05,6.14,-92.3,High,cf_df+cagr,-6.7,0.0,No recent news,Feed unavailable,"[{""headline"":""No recent news"",""score"":0.0,""label"":""Neutral"",""reason"":""Feed unavailable"",""geo_risk"":false,""pub_date"":"""",""link"":""""}]",False,10.24,30.8,Medium,3.24,2026-09-30 20:15,29.7,RED OVERVALUED: Above intrinsic value | OVERSOLD: RSI < 30 | NEWS: Feed unavailable
UBER,Mobility,68.51,37.4,1.4944,0.82,15.02,37.16,17.34,223.36,226.0,High,cf_df+cagr,35.0,0.0,No recent news,Feed unavailable,"[{""headline"":""No recent news"",""score"":0.0,""label"":""Neutral"",""reason"":""Feed unavailable"",""geo_risk"":false,""pub_date"":"""",""link"":""""}]",False,2.32,45.8,Medium,2.18,2026-09-30 20:15,74.4,GREEN STRONG VALUE: Deep discount to intrinsic value | HIGH QUALITY: Strong ROE & margins | NEWS: Feed unavailable
LYFT,Mobility,15.01,40.5,0.4701,0.81,2.18,152.58,42.32,107.64,617.1,Medium,cf_df,27.1,0.0,No recent news,Feed unavailable,"[{""headline"":""No recent news"",""score"":0.0,""label"":""Neutral"",""reason"":""Feed unavailable"",""geo_risk"":false,""pub_date"":"""",""link"":""""}]",False,20.21,31.9,Medium,3.13,2026-09-30 20:15,78.0,GREEN STRONG VALUE: Deep discount to intrinsic value | HIGH QUALITY: Strong ROE & margins | SHORT PRESSURE: 20.2% of float | NEWS: Feed unavailable
DASH,Mobility,183.55,37.1,7.2992,0.91,96.1,8.89,5.29,217.85,18.7,High,cf_df+cagr,35.0,0.0,No recent news,Feed unavailable,"[{""headline"":""No recent news"",""score"":0.0,""label"":""Neutral"",""reason"":""Feed unavailable"",""geo_risk"":false,""pub_date"":"""",""link"":""""}]",False,4.01,25.1,Medium,3.98,2026-09-30 20:15,43.7,YELLOW FAIR VALUE: Modest upside | NEWS: Feed unavailable
ABNB,Real_Estate,160.65,43.6,5.2886,0.92,36.68,34.54,20.45,235.0,46.3,High,cf_df+cagr,10.6,0.0,No recent news,Feed unavailable,"[{""headline"":""No recent news"",""score"":0.0,""label"":""Neutral"",""reason"":""Feed unavailable"",""geo_risk"":false,""pub_date"":"""",""link"":""""}]",False,3.5,30.4,Medium,3.29,2026-09-30 20:15,65.7,GREEN STRONG VALUE: Deep discount to intrinsic value | HIGH QUALITY: Strong ROE & margins | NEWS: Feed unavailable
Z,Real_Estate,27.13,31.2,1.2429,0.99,117.96,1.22,1.96,3.58,-86.8,High,cf_df+cagr,-20.0,0.0,No recent news,Feed unavailable,"[{""headline"":""No recent news"",""score"":0.0,""label"":""Neutral"",""reason"":""Feed unavailable"",""geo_risk"":false,""pub_date"":"""",""link"":""""}]",False,7.81,21.8,Medium,4.58,2026-09-30 20:16,26.9,RED OVERVALUED: Above intrinsic value | NEWS: Feed unavailable
OPEN,Real_Estate,2.37,27.6,0.1396,0.86,0.0,-196.89,-46.74,31.15,1214.3,High,cf_df+cagr,22.3,0.0,No recent news,Feed unavailable,"[{""headline"":""No recent news"",""score"":0.0,""label"":""Neutral"",""reason"":""Feed unavailable"",""geo_risk"":false,""pub_date"":"""",""link"":""""}]",False,24.71,17.0,High,5.89,2026-09-30 20:16,0.0,GREEN STRONG VALUE: Deep discount to intrinsic value | OVERSOLD: RSI < 30 | SHORT PRESSURE: 24.7% of float | NEWS: Feed unavailable
COMP,Real_Estate,8.88,29.6,0.5096,1.13,148.0,3.63,0.64,8.29,-6.6,Medium,cf_df,35.0,0.0,No recent news,Feed unavailable,"[{""headline"":""No recent news"",""score"":0.0,""label"":""Neutral"",""reason"":""Feed unavailable"",""geo_risk"":false,""pub_date"":"""",""link"":""""}]",False,6.04,17.4,High,5.74,2026-09-30 20:16,36.2,OVERSOLD: RSI < 30 | NEWS: Feed unavailable
AMT,Real_Estate,163.69,32.8,3.7804,1.03,22.55,33.91,31.08,204.75,25.1,High,cf_df+cagr,27.6,0.0,No recent news,Feed unavailable,"[{""headline"":""No recent news"",""score"":0.0,""label"":""Neutral"",""reason"":""Feed unavailable"",""geo_risk"":false,""pub_date"":"""",""link"":""""}]",False,1.5,43.3,Medium,2.31,2026-09-30 20:16,71.3,YELLOW FAIR VALUE: Modest upside | HIGH QUALITY: Strong ROE & margins | NEWS: Feed unavailable
CCI,Real_Estate,66.65,26.3,1.8521,1.08,27.2,0.0,20.72,148.01,122.1,High,cf_df+cagr,22.4,0.0,No recent news,Feed unavailable,"[{""headline"":""No recent news"",""score"":0.0,""label"":""Neutral"",""reason"":""Feed unavailable"",""geo_risk"":false,""pub_date"":"""",""link"":""""}]",False,2.75,36.0,Medium,2.78,2026-09-30 20:16,71.2,GREEN STRONG VALUE: Deep discount to intrinsic value | OVERSOLD: RSI < 30 | NEWS: Feed unavailable
SBAC,Real_Estate,160.12,23.5,4.6364,0.96,17.27,0.0,34.51,12.26,-92.3,High,cf_df+cagr,-0.1,0.0,No recent news,Feed unavailable,"[{""headline"":""No recent news"",""score"":0.0,""label"":""Neutral"",""reason"":""Feed unavailable"",""geo_risk"":false,""pub_date"":"""",""link"":""""}]",False,4.96,34.5,Medium,2.9,2026-09-30 20:16,34.7,RED OVERVALUED: Above intrinsic value | OVERSOLD: RSI < 30 | NEWS: Feed unavailable
EQIX,Real_Estate,1011.58,43.4,25.485,1.18,65.14,10.73,15.48,0.91,-99.9,High,cf_df+cagr,-20.0,0.0,No recent news,Feed unavailable,"[{""headline"":""No recent news"",""score"":0.0,""label"":""Neutral"",""reason"":""Feed unavailable"",""geo_risk"":false,""pub_date"":"""",""link"":""""}]",False,1.97,39.7,Medium,2.52,2026-09-30 20:16,24.3,RED OVERVALUED: Above intrinsic value | NEWS: Feed unavailable
DLR,Real_Estate,175.53,37.4,4.4961,1.08,85.62,2.91,11.82,89.48,-49.0,High,cf_df+cagr,13.3,0.0,No recent news,Feed unavailable,"[{""headline"":""No recent news"",""score"":0.0,""label"":""Neutral"",""reason"":""Feed unavailable"",""geo_risk"":false,""pub_date"":"""",""link"":""""}]",False,0.0,39.0,Medium,2.56,2026-09-30 20:16,27.9,RED OVERVALUED: Above intrinsic value | NEWS: Feed unavailable
SPG,Real_Estate,200.76,30.1,2.6843,1.19,14.16,120.51,66.57,38.52,-80.8,High,cf_df+cagr,0.9,0.0,No recent news,Feed unavailable,"[{""headline"":""No recent news"",""score"":0.0,""label"":""Neutral"",""reason"":""Feed unavailable"",""geo_risk"":false,""pub_date"":"""",""link"":""""}]",False,0.0,50.0,Low,1.34,2026-09-30 20:17,48.3,RED OVERVALUED: Above intrinsic value | HIGH QUALITY: Strong ROE & margins | NEWS: Feed unavailable
O,Real_Estate,54.3,13.8,0.8896,1.04,39.64,3.23,20.9,67.29,23.9,High,cf_df+cagr,15.9,0.0,No recent news,Feed unavailable,"[{""headline"":""No recent news"",""score"":0.0,""label"":""Neutral"",""reason"":""Feed unavailable"",""geo_risk"":false,""pub_date"":"""",""link"":""""}]",False,4.91,50.0,Low,1.64,2026-09-30 20:17,66.3,YELLOW FAIR VALUE: Modest upside | OVERSOLD: RSI < 30 | NEWS: Feed unavailable
REIT,Real_Estate,28.38,26.3,0.4444,0.47,28.43,0.0,0.0,0.0,0.0,N/A,no_fcf,0.0,0.0,No recent news,Feed unavailable,"[{""headline"":""No recent news"",""score"":0.0,""label"":""Neutral"",""reason"":""Feed unavailable"",""geo_risk"":false,""pub_date"":"""",""link"":""""}]",False,0.0,50.0,Low,1.57,2026-09-30 20:17,33.7,GREY: DCF not applicable | OVERSOLD: RSI < 30 | NEWS: Feed unavailable
VTR,Real_Estate,85.04,28.9,1.5664,0.73,154.62,2.01,4.09,19.01,-77.6,High,cf_df+cagr,14.6,0.0,No recent news,Feed unavailable,"[{""headline"":""No recent news"",""score"":0.0,""label"":""Neutral"",""reason"":""Feed unavailable"",""geo_risk"":false,""pub_date"":"""",""link"":""""}]",False,4.42,50.0,Low,1.84,2026-09-30 20:17,28.1,RED OVERVALUED: Above intrinsic value | OVERSOLD: RSI < 30 | NEWS: Feed unavailable
WPC,Real_Estate,64.63,22.7,1.065,1.06,22.13,7.78,35.76,60.77,-6.0,High,cf_df+cagr,8.5,0.0,No recent news,Feed unavailable,"[{""headline"":""No recent news"",""score"":0.0,""label"":""Neutral"",""reason"":""Feed unavailable"",""geo_risk"":false,""pub_date"":"""",""link"":""""}]",False,4.83,50.0,Low,1.65,2026-09-30 20:17,46.0,OVERSOLD: RSI < 30 | NEWS: Feed unavailable
PINS,Social_Media,18.88,41.7,0.6914,1.05,55.53,6.46,5.46,121.45,543.3,High,cf_df+cagr,35.0,0.0,No recent news,Feed unavailable,"[{""headline"":""No recent news"",""score"":0.0,""label"":""Neutral"",""reason"":""Feed unavailable"",""geo_risk"":false,""pub_date"":"""",""link"":""""}]",False,15.92,27.3,Medium,3.66,2026-09-30 20:17,60.9,GREEN STRONG VALUE: Deep discount to intrinsic value | SHORT PRESSURE: 15.9% of float | NEWS: Feed unavailable
SNAP,Social_Media,5.39,48.6,0.2594,1.24,0.0,-15.58,-4.9,13.42,148.8,High,cf_df+cagr,35.0,0.0,No recent news,Feed unavailable,"[{""headline"":""No recent news"",""score"":0.0,""label"":""Neutral"",""reason"":""Feed unavailable"",""geo_risk"":false,""pub_date"":"""",""link"":""""}]",False,8.91,20.8,Medium,4.81,2026-09-30 20:17,49.4,GREEN STRONG VALUE: Deep discount to intrinsic value | NEWS: Feed unavailable
HOOD,Fintech,112.5,49.3,6.2864,1.48,50.0,23.62,42.01,96.78,-14.0,Medium,cf_df,35.0,0.0,No recent news,Feed unavailable,"[{""headline"":""No recent news"",""score"":0.0,""label"":""Neutral"",""reason"":""Feed unavailable"",""geo_risk"":false,""pub_date"":"""",""link"":""""}]",False,4.62,17.9,High,5.59,2026-09-30 20:17,40.7,HIGH QUALITY: Strong ROE & margins | NEWS: Feed unavailable
COIN,Fintech,186.41,51.7,12.3178,0.86,0.0,-7.85,-16.34,528.83,183.7,High,cf_df+cagr,35.0,0.0,No recent news,Feed unavailable,"[{""headline"":""No recent news"",""score"":0.0,""label"":""Neutral"",""reason"":""Feed unavailable"",""geo_risk"":false,""pub_date"":"""",""link"":""""}]",False,11.47,15.1,High,6.61,2026-09-30 20:18,49.4,GREEN STRONG VALUE: Deep discount to intrinsic value | NEWS: Feed unavailable
MSTR,Fintech,153.09,59.0,9.3786,0.74,0.0,-63.56,0.0,0.0,0.0,N/A,no_fcf,0.0,0.0,No recent news,Feed unavailable,"[{""headline"":""No recent news"",""score"":0.0,""label"":""Neutral"",""reason"":""Feed unavailable"",""geo_risk"":false,""pub_date"":"""",""link"":""""}]",False,8.15,16.3,High,6.13,2026-09-30 20:18,0.0,GREY: DCF not applicable | NEWS: Feed unavailable
UPST,Fintech,22.99,31.5,1.0395,0.81,44.21,7.94,4.69,69.97,204.4,Medium,cf_df,35.0,0.0,No recent news,Feed unavailable,"[{""headline"":""No recent news"",""score"":0.0,""label"":""Neutral"",""reason"":""Feed unavailable"",""geo_risk"":false,""pub_date"":"""",""link"":""""}]",False,32.5,22.1,Medium,4.52,2026-09-30 20:18,65.7,GREEN STRONG VALUE: Deep discount to intrinsic value | SHORT PRESSURE: 32.5% of float | NEWS: Feed unavailable
FIS,Fintech,32.9,23.7,1.0497,0.87,5.05,22.35,27.65,129.16,292.6,High,cf_df+cagr,35.0,0.0,No recent news,Feed unavailable,"[{""headline"":""No recent news"",""score"":0.0,""label"":""Neutral"",""reason"":""Feed unavailable"",""geo_risk"":false,""pub_date"":"""",""link"":""""}]",False,4.22,31.3,Medium,3.19,2026-09-30 20:18,80.6,GREEN STRONG VALUE: Deep discount to intrinsic value | OVERSOLD: RSI < 30 | HIGH QUALITY: Strong ROE & margins | NEWS: Feed unavailable
FISV,Fintech,45.18,31.0,1.5343,0.84,8.66,0.0,0.0,157.47,248.5,High,cf_df+cagr,11.1,0.0,No recent news,Feed unavailable,"[{""headline"":""No recent news"",""score"":0.0,""label"":""Neutral"",""reason"":""Feed unavailable"",""geo_risk"":false,""pub_date"":"""",""link"":""""}]",False,0.0,29.4,Medium,3.4,2026-09-30 20:18,62.9,GREEN STRONG VALUE: Deep discount to intrinsic value | NEWS: Feed unavailable
INTU,Software,275.71,33.0,12.1582,0.82,16.75,23.6,21.29,944.86,242.7,High,cf_df+cagr,21.7,0.0,No recent news,Feed unavailable,"[{""headline"":""No recent news"",""score"":0.0,""label"":""Neutral"",""reason"":""Feed unavailable"",""geo_risk"":false,""pub_date"":"""",""link"":""""}]",False,3.02,22.7,Medium,4.41,2026-09-30 20:18,76.2,GREEN STRONG VALUE: Deep discount to intrinsic value | HIGH QUALITY: Strong ROE & margins | NEWS: Feed unavailable
ADSK,Software,209.0,39.2,7.3971,0.77,27.07,53.85,21.08,178.27,-14.7,High,cf_df+cagr,5.5,0.0,No recent news,Feed unavailable,"[{""headline"":""No recent news"",""score"":0.0,""label"":""Neutral"",""reason"":""Feed unavailable"",""geo_risk"":false,""pub_date"":"""",""link"":""""}]",False,4.45,28.3,Medium,3.54,2026-09-30 20:18,48.5,HIGH QUALITY: Strong ROE & margins | NEWS: Feed unavailable
CDNS,Software,330.18,62.6,10.355,1.05,65.77,23.23,23.61,114.39,-65.4,High,cf_df+cagr,12.4,0.0,No recent news,Feed unavailable,"[{""headline"":""No recent news"",""score"":0.0,""label"":""Neutral"",""reason"":""Feed unavailable"",""geo_risk"":false,""pub_date"":"""",""link"":""""}]",False,1.59,31.9,Medium,3.14,2026-09-30 20:19,27.0,RED OVERVALUED: Above intrinsic value | HIGH QUALITY: Strong ROE & margins | NEWS: Feed unavailable
SNPS,Software,434.94,61.8,14.9586,2.22,75.91,3.66,11.43,30.04,-93.1,High,cf_df+cagr,-5.5,0.0,No recent news,Feed unavailable,"[{""headline"":""No recent news"",""score"":0.0,""label"":""Neutral"",""reason"":""Feed unavailable"",""geo_risk"":false,""pub_date"":"""",""link"":""""}]",False,2.99,29.1,Medium,3.44,2026-09-30 20:19,17.0,RED OVERVALUED: Above intrinsic value | NEWS: Feed unavailable
RNG,Software,74.7,56.4,3.4639,0.92,59.76,0.0,4.27,328.61,339.9,High,cf_df+cagr,35.0,0.0,No recent news,Feed unavailable,"[{""headline"":""No recent news"",""score"":0.0,""label"":""Neutral"",""reason"":""Feed unavailable"",""geo_risk"":false,""pub_date"":"""",""link"":""""}]",False,15.37,21.6,Medium,4.64,2026-09-30 20:19,50.5,GREEN STRONG VALUE: Deep discount to intrinsic value | SHORT PRESSURE: 15.4% of float | NEWS: Feed unavailable
BOX,Software,33.48,51.6,1.0696,1.12,49.24,70.23,10.59,32.53,-2.8,High,cf_df+cagr,3.9,0.0,No recent news,Feed unavailable,"[{""headline"":""No recent news"",""score"":0.0,""label"":""Neutral"",""reason"":""Feed unavailable"",""geo_risk"":false,""pub_date"":"""",""link"":""""}]",False,15.31,31.3,Medium,3.19,2026-09-30 20:19,38.7,SHORT PRESSURE: 15.3% of float | NEWS: Feed unavailable
DBX,Software,33.85,47.5,1.4104,1.14,18.7,0.0,17.49,87.22,157.7,High,cf_df+cagr,6.9,0.0,No recent news,Feed unavailable,"[{""headline"":""No recent news"",""score"":0.0,""label"":""Neutral"",""reason"":""Feed unavailable"",""geo_risk"":false,""pub_date"":"""",""link"":""""}]",False,27.05,24.0,Medium,4.17,2026-09-30 20:19,55.8,GREEN STRONG VALUE: Deep discount to intrinsic value | SHORT PRESSURE: 27.1% of float | NEWS: Feed unavailable
PTON,Fitness,4.99,46.1,0.1707,0.67,35.64,0.0,2.58,41.39,729.4,Medium,cf_df,35.0,0.0,No recent news,Feed unavailable,"[{""headline"":""No recent news"",""score"":0.0,""label"":""Neutral"",""reason"":""Feed unavailable"",""geo_risk"":false,""pub_date"":"""",""link"":""""}]",False,14.65,29.2,Medium,3.42,2026-09-30 20:19,54.6,GREEN STRONG VALUE: Deep discount to intrinsic value | NEWS: Feed unavailable
ADDYY,Fitness,81.89,40.1,1.775,0.03,18.44,24.32,5.3,0.38,-99.5,High,cf_df+cagr,-20.0,0.0,No recent news,Feed unavailable,"[{""headline"":""No recent news"",""score"":0.0,""label"":""Neutral"",""reason"":""Feed unavailable"",""geo_risk"":false,""pub_date"":"""",""link"":""""}]",False,0.0,46.1,Medium,2.17,2026-09-30 20:19,26.8,RED OVERVALUED: Above intrinsic value | NEWS: Feed unavailable
UAA,Fitness,4.46,33.4,0.1914,1.19,0.0,-29.83,-9.99,9.07,103.3,Medium,cf_df,1.7,0.0,No recent news,Feed unavailable,"[{""headline"":""No recent news"",""score"":0.0,""label"":""Neutral"",""reason"":""Feed unavailable"",""geo_risk"":false,""pub_date"":"""",""link"":""""}]",False,37.4,23.3,Medium,4.29,2026-09-30 20:19,51.1,GREEN STRONG VALUE: Deep discount to intrinsic value | SHORT PRESSURE: 37.4% of float | NEWS: Feed unavailable
CROX,Fitness,117.31,43.6,4.63,0.91,10.41,42.3,14.64,222.15,89.4,High,cf_df+cagr,9.7,0.0,No recent news,Feed unavailable,"[{""headline"":""No recent news"",""score"":0.0,""label"":""Neutral"",""reason"":""Feed unavailable"",""geo_risk"":false,""pub_date"":"""",""link"":""""}]",False,13.15,25.3,Medium,3.95,2026-09-30 20:20,71.8,GREEN STRONG VALUE: Deep discount to intrinsic value | NEWS: Feed unavailable
DECK,Fitness,78.14,35.6,2.1779,1.18,11.12,42.56,18.36,379.0,385.0,High,cf_df+cagr,34.0,0.0,No recent news,Feed unavailable,"[{""headline"":""No recent news"",""score"":0.0,""label"":""Neutral"",""reason"":""Feed unavailable"",""geo_risk"":false,""pub_date"":"""",""link"":""""}]",False,7.8,35.9,Medium,2.79,2026-09-30 20:20,76.9,GREEN STRONG VALUE: Deep discount to intrinsic value | HIGH QUALITY: Strong ROE & margins | NEWS: Feed unavailable
VFC,Fitness,14.06,54.8,0.5036,1.25,20.38,17.94,2.88,0.63,-95.5,High,cf_df+cagr,-20.0,0.0,No recent news,Feed unavailable,"[{""headline"":""No recent news"",""score"":0.0,""label"":""Neutral"",""reason"":""Feed unavailable"",""geo_risk"":false,""pub_date"":"""",""link"":""""}]",False,10.07,27.9,Medium,3.58,2026-09-30 20:20,22.2,RED OVERVALUED: Above intrinsic value | NEWS: Feed unavailable
TSCO,Retail,31.29,36.9,0.9504,0.86,16.3,39.51,6.42,12.59,-59.8,High,cf_df+cagr,8.3,0.0,No recent news,Feed unavailable,"[{""headline"":""No recent news"",""score"":0.0,""label"":""Neutral"",""reason"":""Feed unavailable"",""geo_risk"":false,""pub_date"":"""",""link"":""""}]",False,8.64,32.9,Medium,3.04,2026-09-30 20:20,40.2,RED OVERVALUED: Above intrinsic value | NEWS: Feed unavailable
ORLY,Retail,85.41,44.8,1.7846,0.65,27.11,0.0,14.27,1.23,-98.6,High,cf_df+cagr,-14.9,0.0,No recent news,Feed unavailable,"[{""headline"":""No recent news"",""score"":0.0,""label"":""Neutral"",""reason"":""Feed unavailable"",""geo_risk"":false,""pub_date"":"""",""link"":""""}]",False,3.2,47.9,Medium,2.09,2026-09-30 20:20,17.3,RED OVERVALUED: Above intrinsic value | NEWS: Feed unavailable
AZO,Retail,2830.02,42.0,90.5486,1.17,19.47,0.0,12.65,83.11,-97.1,High,cf_df+cagr,-11.0,0.0,No recent news,Feed unavailable,"[{""headline"":""No recent news"",""score"":0.0,""label"":""Neutral"",""reason"":""Feed unavailable"",""geo_risk"":false,""pub_date"":"""",""link"":""""}]",False,3.45,31.3,Medium,3.2,2026-09-30 20:20,20.9,RED OVERVALUED: Above intrinsic value | NEWS: Feed unavailable
AAP,Retail,38.91,32.6,1.7293,1.01,21.74,4.89,0.99,6.64,-82.9,Medium,cf_df,35.0,0.0,No recent news,Feed unavailable,"[{""headline"":""No recent news"",""score"":0.0,""label"":""Neutral"",""reason"":""Feed unavailable"",""geo_risk"":false,""pub_date"":"""",""link"":""""}]",False,27.63,22.5,Medium,4.44,2026-09-30 20:20,28.1,RED OVERVALUED: Above intrinsic value | SHORT PRESSURE: 27.6% of float | NEWS: Feed unavailable
GPC,Retail,125.74,37.6,3.0025,0.89,502.96,0.71,0.13,1.5,-98.8,High,cf_df+cagr,-20.0,0.0,No recent news,Feed unavailable,"[{""headline"":""No recent news"",""score"":0.0,""label"":""Neutral"",""reason"":""Feed unavailable"",""geo_risk"":false,""pub_date"":"""",""link"":""""}]",False,6.57,41.9,Medium,2.39,2026-09-30 20:20,22.1,RED OVERVALUED: Above intrinsic value | NEWS: Feed unavailable
DG,Retail,119.58,42.3,3.715,0.98,15.53,19.69,3.9,453.03,278.8,High,cf_df+cagr,35.0,0.0,No recent news,Feed unavailable,"[{""headline"":""No recent news"",""score"":0.0,""label"":""Neutral"",""reason"":""Feed unavailable"",""geo_risk"":false,""pub_date"":"""",""link"":""""}]",False,3.09,32.2,Medium,3.11,2026-09-30 20:21,65.6,GREEN STRONG VALUE: Deep discount to intrinsic value | NEWS: Feed unavailable
DLTR,Retail,114.02,40.3,3.6793,0.94,13.97,46.03,8.04,121.69,6.7,High,cf_df+cagr,13.0,0.0,No recent news,Feed unavailable,"[{""headline"":""No recent news"",""score"":0.0,""label"":""Neutral"",""reason"":""Feed unavailable"",""geo_risk"":false,""pub_date"":"""",""link"":""""}]",False,4.8,31.0,Medium,3.23,2026-09-30 20:21,53.6,NEWS: Feed unavailable
FIVE,Retail,219.57,38.0,9.3036,0.84,19.69,28.25,11.65,341.14,55.4,High,cf_df+cagr,35.0,0.0,No recent news,Feed unavailable,"[{""headline"":""No recent news"",""score"":0.0,""label"":""Neutral"",""reason"":""Feed unavailable"",""geo_risk"":false,""pub_date"":"""",""link"":""""}]",False,4.49,23.6,Medium,4.24,2026-09-30 20:21,70.7,GREEN STRONG VALUE: Deep discount to intrinsic value | NEWS: Feed unavailable
BBBY,Retail,2.99,24.5,0.1964,1.0,0.0,0.0,0.0,0.0,0.0,N/A,no_fcf,0.0,0.0,No recent news,Feed unavailable,"[{""headline"":""No recent news"",""score"":0.0,""label"":""Neutral"",""reason"":""Feed unavailable"",""geo_risk"":false,""pub_date"":"""",""link"":""""}]",False,0.0,15.2,High,6.57,2026-09-30 20:21,36.7,GREY: DCF not applicable | OVERSOLD: RSI < 30 | NEWS: Feed unavailable
BBY,Retail,88.24,48.2,3.0414,0.72,14.68,43.13,3.01,113.41,28.5,High,cf_df+cagr,12.1,0.0,No recent news,Feed unavailable,"[{""headline"":""No recent news"",""score"":0.0,""label"":""Neutral"",""reason"":""Feed unavailable"",""geo_risk"":false,""pub_date"":"""",""link"":""""}]",False,8.6,29.0,Medium,3.45,2026-09-30 20:21,58.8,YELLOW FAIR VALUE: Modest upside | NEWS: Feed unavailable
ANF,Retail,134.69,52.1,5.0657,0.81,11.63,40.61,10.04,46.77,-65.3,High,cf_df+cagr,-12.6,0.0,No recent news,Feed unavailable,"[{""headline"":""No recent news"",""score"":0.0,""label"":""Neutral"",""reason"":""Feed unavailable"",""geo_risk"":false,""pub_date"":"""",""link"":""""}]",False,17.25,26.6,Medium,3.76,2026-09-30 20:21,32.0,RED OVERVALUED: Above intrinsic value | SHORT PRESSURE: 17.2% of float | NEWS: Feed unavailable
AEO,Retail,17.78,62.1,0.6851,0.65,9.16,20.0,5.86,11.38,-36.0,High,cf_df+cagr,10.2,0.0,No recent news,Feed unavailable,"[{""headline"":""No recent news"",""score"":0.0,""label"":""Neutral"",""reason"":""Feed unavailable"",""geo_risk"":false,""pub_date"":"""",""link"":""""}]",False,12.74,26.0,Medium,3.85,2026-09-30 20:21,21.7,RED OVERVALUED: Above intrinsic value | NEWS: Feed unavailable
M,Retail,22.77,52.3,0.857,1.0,8.34,15.99,3.29,88.11,287.0,High,cf_df+cagr,29.2,0.0,No recent news,Feed unavailable,"[{""headline"":""No recent news"",""score"":0.0,""label"":""Neutral"",""reason"":""Feed unavailable"",""geo_risk"":false,""pub_date"":"""",""link"":""""}]",False,15.23,26.6,Medium,3.76,2026-09-30 20:22,59.3,GREEN STRONG VALUE: Deep discount to intrinsic value | SHORT PRESSURE: 15.2% of float | NEWS: Feed unavailable
KSS,Retail,18.46,55.6,0.8818,1.13,7.92,6.67,1.75,313.84,1600.1,High,cf_df+cagr,30.6,0.0,No recent news,Feed unavailable,"[{""headline"":""No recent news"",""score"":0.0,""label"":""Neutral"",""reason"":""Feed unavailable"",""geo_risk"":false,""pub_date"":"""",""link"":""""}]",False,34.75,20.9,Medium,4.78,2026-09-30 20:22,54.4,GREEN STRONG VALUE: Deep discount to intrinsic value | SHORT PRESSURE: 34.8% of float | NEWS: Feed unavailable
TJX,Retail,132.31,47.5,3.0564,0.75,24.46,62.17,9.73,132.11,-0.1,High,cf_df+cagr,23.2,0.0,No recent news,Feed unavailable,"[{""headline"":""No recent news"",""score"":0.0,""label"":""Neutral"",""reason"":""Feed unavailable"",""geo_risk"":false,""pub_date"":"""",""link"":""""}]",False,1.68,43.3,Medium,2.31,2026-09-30 20:22,39.3,NEWS: Feed unavailable
BJ,Retail,92.0,47.9,2.6504,1.91,20.13,27.67,2.61,3.16,-96.6,High,cf_df+cagr,-5.6,0.0,No recent news,Feed unavailable,"[{""headline"":""No recent news"",""score"":0.0,""label"":""Neutral"",""reason"":""Feed unavailable"",""geo_risk"":false,""pub_date"":"""",""link"":""""}]",False,7.81,34.7,Medium,2.88,2026-09-30 20:22,32.0,RED OVERVALUED: Above intrinsic value | NEWS: Feed unavailable
SPCE,Aerospace,2.99,46.6,0.1787,0.74,0.0,-75.13,0.0,0.0,0.0,N/A,no_fcf,0.0,0.0,No recent news,Feed unavailable,"[{""headline"":""No recent news"",""score"":0.0,""label"":""Neutral"",""reason"":""Feed unavailable"",""geo_risk"":false,""pub_date"":"""",""link"":""""}]",False,22.35,16.7,High,5.98,2026-09-30 20:22,0.0,GREY: DCF not applicable | SHORT PRESSURE: 22.4% of float | NEWS: Feed unavailable
BA,Aerospace,186.05,31.1,6.8246,1.47,66.92,173.54,2.59,52.79,-71.6,Medium,cf_df,6.2,0.0,No recent news,Feed unavailable,"[{""headline"":""No recent news"",""score"":0.0,""label"":""Neutral"",""reason"":""Feed unavailable"",""geo_risk"":false,""pub_date"":"""",""link"":""""}]",False,0.01,27.3,Medium,3.67,2026-09-30 20:22,44.6,RED OVERVALUED: Above intrinsic value | NEWS: Feed unavailable
LMT,Aerospace,509.25,32.8,11.4879,0.82,18.79,89.17,8.16,364.3,-28.5,High,cf_df+cagr,4.1,0.0,No recent news,Feed unavailable,"[{""headline"":""No recent news"",""score"":0.0,""label"":""Neutral"",""reason"":""Feed unavailable"",""geo_risk"":false,""pub_date"":"""",""link"":""""}]",False,1.25,44.3,Medium,2.26,2026-09-30 20:22,44.6,RED OVERVALUED: Above intrinsic value | NEWS: Feed unavailable
NOC,Aerospace,483.48,26.8,12.0914,1.69,15.38,26.96,10.48,866.08,79.1,High,cf_df+cagr,31.1,0.0,No recent news,Feed unavailable,"[{""headline"":""No recent news"",""score"":0.0,""label"":""Neutral"",""reason"":""Feed unavailable"",""geo_risk"":false,""pub_date"":"""",""link"":""""}]",False,1.58,40.0,Medium,2.5,2026-09-30 20:22,79.2,GREEN STRONG VALUE: Deep discount to intrinsic value | OVERSOLD: RSI < 30 | NEWS: Feed unavailable
RTX,Aerospace,185.65,25.1,3.8007,1.16,32.68,12.27,8.28,125.8,-32.2,High,cf_df+cagr,19.2,0.0,No recent news,Feed unavailable,"[{""headline"":""No recent news"",""score"":0.0,""label"":""Neutral"",""reason"":""Feed unavailable"",""geo_risk"":false,""pub_date"":"""",""link"":""""}]",False,1.01,48.8,Medium,2.05,2026-09-30 20:23,39.4,RED OVERVALUED: Above intrinsic value | OVERSOLD: RSI < 30 | NEWS: Feed unavailable
GD,Aerospace,331.83,20.7,6.2671,0.79,20.26,17.8,8.18,199.01,-40.0,High,cf_df+cagr,4.5,0.0,No recent news,Feed unavailable,"[{""headline"":""No recent news"",""score"":0.0,""label"":""Neutral"",""reason"":""Feed unavailable"",""geo_risk"":false,""pub_date"":"""",""link"":""""}]",False,1.11,50.0,Low,1.89,2026-09-30 20:23,41.7,RED OVERVALUED: Above intrinsic value | OVERSOLD: RSI < 30 | NEWS: Feed unavailable
HON,Aerospace,210.94,46.9,4.1764,0.62,8.11,46.58,21.58,193.58,-8.2,High,cf_df+cagr,6.3,0.0,No recent news,Feed unavailable,"[{""headline"":""No recent news"",""score"":0.0,""label"":""Neutral"",""reason"":""Feed unavailable"",""geo_risk"":false,""pub_date"":"""",""link"":""""}]",False,2.34,50.0,Low,1.98,2026-09-30 20:23,44.0,HIGH QUALITY: Strong ROE & margins | NEWS: Feed unavailable
TDG,Aerospace,1082.6,33.4,26.6836,0.97,32.82,0.0,21.28,752.48,-30.5,High,cf_df+cagr,29.9,0.0,No recent news,Feed unavailable,"[{""headline"":""No recent news"",""score"":0.0,""label"":""Neutral"",""reason"":""Feed unavailable"",""geo_risk"":false,""pub_date"":"""",""link"":""""}]",False,2.58,40.6,Medium,2.46,2026-09-30 20:23,34.7,RED OVERVALUED: Above intrinsic value | NEWS: Feed unavailable
HEI,Aerospace,303.18,36.7,7.6939,0.75,50.61,17.73,16.38,487.94,60.9,High,cf_df+cagr,25.5,0.0,No recent news,Feed unavailable,"[{""headline"":""No recent news"",""score"":0.0,""label"":""Neutral"",""reason"":""Feed unavailable"",""geo_risk"":false,""pub_date"":"""",""link"":""""}]",False,1.34,39.4,Medium,2.54,2026-09-30 20:23,66.8,GREEN STRONG VALUE: Deep discount to intrinsic value | NEWS: Feed unavailable
CW,Aerospace,543.82,33.1,14.8034,1.09,37.45,19.75,14.81,565.07,3.9,High,cf_df+cagr,29.2,0.0,No recent news,Feed unavailable,"[{""headline"":""No recent news"",""score"":0.0,""label"":""Neutral"",""reason"":""Feed unavailable"",""geo_risk"":false,""pub_date"":"""",""link"":""""}]",False,2.39,36.7,Medium,2.72,2026-09-30 20:23,50.7,NEWS: Feed unavailable
AIR,Airlines,101.47,27.2,6.0246,2.42,20.67,12.93,5.55,1.68,-98.3,Medium,cf_df,12.2,0.0,No recent news,Feed unavailable,"[{""headline"":""No recent news"",""score"":0.0,""label"":""Neutral"",""reason"":""Feed unavailable"",""geo_risk"":false,""pub_date"":"""",""link"":""""}]",False,4.1,16.8,High,5.94,2026-09-30 20:23,37.3,RED OVERVALUED: Above intrinsic value | OVERSOLD: RSI < 30 | NEWS: Feed unavailable
UAL,Airlines,110.95,47.9,4.2032,1.05,10.39,23.25,5.56,323.2,191.3,High,cf_df+cagr,35.0,0.0,No recent news,Feed unavailable,"[{""headline"":""No recent news"",""score"":0.0,""label"":""Neutral"",""reason"":""Feed unavailable"",""geo_risk"":false,""pub_date"":"""",""link"":""""}]",False,5.66,26.4,Medium,3.79,2026-09-30 20:23,64.6,GREEN STRONG VALUE: Deep discount to intrinsic value | NEWS: Feed unavailable
DAL,Airlines,83.46,53.4,2.4579,0.91,13.84,20.12,5.78,253.7,204.0,High,cf_df+cagr,35.0,0.0,No recent news,Feed unavailable,"[{""headline"":""No recent news"",""score"":0.0,""label"":""Neutral"",""reason"":""Feed unavailable"",""geo_risk"":false,""pub_date"":"""",""link"":""""}]",False,4.01,34.0,Medium,2.94,2026-09-30 20:24,60.0,GREEN STRONG VALUE: Deep discount to intrinsic value | NEWS: Feed unavailable
AAL,Airlines,13.37,47.2,0.495,0.79,0.0,0.0,-0.56,0.96,-92.8,Medium,cf_df,-20.0,0.0,No recent news,Feed unavailable,"[{""headline"":""No recent news"",""score"":0.0,""label"":""Neutral"",""reason"":""Feed unavailable"",""geo_risk"":false,""pub_date"":"""",""link"":""""}]",False,13.93,27.0,Medium,3.7,2026-09-30 20:24,17.1,RED OVERVALUED: Above intrinsic value | NEWS: Feed unavailable
LUV,Airlines,41.64,52.6,1.3536,0.78,26.19,11.1,2.78,130.49,213.4,Low,info_ocf,18.9,0.0,No recent news,Feed unavailable,"[{""headline"":""No recent news"",""score"":0.0,""label"":""Neutral"",""reason"":""Feed unavailable"",""geo_risk"":false,""pub_date"":"""",""link"":""""}]",False,5.97,30.8,Medium,3.25,2026-09-30 20:24,56.2,GREEN STRONG VALUE: Deep discount to intrinsic value | NEWS: Feed unavailable
ALK,Airlines,38.7,38.2,1.5814,1.63,0.0,-4.6,-1.18,2.69,-93.0,Medium,cf_df,6.9,0.0,No recent news,Feed unavailable,"[{""headline"":""No recent news"",""score"":0.0,""label"":""Neutral"",""reason"":""Feed unavailable"",""geo_risk"":false,""pub_date"":"""",""link"":""""}]",False,11.59,24.5,Medium,4.09,2026-09-30 20:24,23.1,RED OVERVALUED: Above intrinsic value | NEWS: Feed unavailable
JBLU,Airlines,4.23,36.9,0.1811,0.71,0.0,-44.35,-9.32,0.0,0.0,N/A,no_fcf,0.0,0.0,No recent news,Feed unavailable,"[{""headline"":""No recent news"",""score"":0.0,""label"":""Neutral"",""reason"":""Feed unavailable"",""geo_risk"":false,""pub_date"":"""",""link"":""""}]",False,29.49,23.4,Medium,4.28,2026-09-30 20:24,11.7,GREY: DCF not applicable | SHORT PRESSURE: 29.5% of float | NEWS: Feed unavailable
FDX,Logistics,285.09,33.3,6.8045,1.01,15.38,14.85,4.68,574.33,101.5,High,cf_df+cagr,24.1,0.0,No recent news,Feed unavailable,"[{""headline"":""No recent news"",""score"":0.0,""label"":""Neutral"",""reason"":""Feed unavailable"",""geo_risk"":false,""pub_date"":"""",""link"":""""}]",False,2.05,41.9,Medium,2.39,2026-09-30 20:24,68.3,GREEN STRONG VALUE: Deep discount to intrinsic value | NEWS: Feed unavailable
UPS,Logistics,93.44,34.5,2.2428,0.72,17.37,29.6,5.08,3.12,-96.7,High,cf_df+cagr,-20.0,0.0,No recent news,Feed unavailable,"[{""headline"":""No recent news"",""score"":0.0,""label"":""Neutral"",""reason"":""Feed unavailable"",""geo_risk"":false,""pub_date"":"""",""link"":""""}]",False,3.43,41.7,Medium,2.4,2026-09-30 20:24,34.7,RED OVERVALUED: Above intrinsic value | NEWS: Feed unavailable
XPO,Logistics,175.98,39.6,5.7664,0.76,51.91,21.59,4.71,6.98,-96.0,High,cf_df+cagr,2.9,0.0,No recent news,Feed unavailable,"[{""headline"":""No recent news"",""score"":0.0,""label"":""Neutral"",""reason"":""Feed unavailable"",""geo_risk"":false,""pub_date"":"""",""link"":""""}]",False,5.48,30.5,Medium,3.28,2026-09-30 20:24,29.2,RED OVERVALUED: Above intrinsic value | NEWS: Feed unavailable
CHRW,Logistics,147.96,43.5,3.9007,0.75,28.24,37.12,3.73,23.75,-83.9,High,cf_df+cagr,-17.8,0.0,No recent news,Feed unavailable,"[{""headline"":""No recent news"",""score"":0.0,""label"":""Neutral"",""reason"":""Feed unavailable"",""geo_risk"":false,""pub_date"":"""",""link"":""""}]",False,4.97,37.9,Medium,2.64,2026-09-30 20:25,34.4,RED OVERVALUED: Above intrinsic value | NEWS: Feed unavailable
EXPD,Logistics,184.64,45.0,3.975,1.16,26.88,42.67,7.63,39.54,-78.6,High,cf_df+cagr,-20.0,0.0,No recent news,Feed unavailable,"[{""headline"":""No recent news"",""score"":0.0,""label"":""Neutral"",""reason"":""Feed unavailable"",""geo_risk"":false,""pub_date"":"""",""link"":""""}]",False,3.94,46.5,Medium,2.15,2026-09-30 20:25,35.9,RED OVERVALUED: Above intrinsic value | NEWS: Feed unavailable
KNX,Logistics,63.59,35.8,2.2786,0.78,235.52,0.61,0.56,2.42,-96.2,High,cf_df+cagr,-14.8,0.0,No recent news,Feed unavailable,"[{""headline"":""No recent news"",""score"":0.0,""label"":""Neutral"",""reason"":""Feed unavailable"",""geo_risk"":false,""pub_date"":"""",""link"":""""}]",False,9.21,27.9,Medium,3.58,2026-09-30 20:25,22.8,RED OVERVALUED: Above intrinsic value | NEWS: Feed unavailable
LSTR,Logistics,168.65,41.0,4.0629,1.22,43.69,14.98,2.64,37.22,-77.9,High,cf_df+cagr,-20.0,0.0,No recent news,Feed unavailable,"[{""headline"":""No recent news"",""score"":0.0,""label"":""Neutral"",""reason"":""Feed unavailable"",""geo_risk"":false,""pub_date"":"""",""link"":""""}]",False,6.23,41.5,Medium,2.41,2026-09-30 20:25,29.1,RED OVERVALUED: Above intrinsic value | NEWS: Feed unavailable
ODFL,Logistics,173.84,33.4,4.7321,1.02,33.43,24.82,19.44,61.12,-64.8,High,cf_df+cagr,1.4,0.0,No recent news,Feed unavailable,"[{""headline"":""No recent news"",""score"":0.0,""label"":""Neutral"",""reason"":""Feed unavailable"",""geo_risk"":false,""pub_date"":"""",""link"":""""}]",False,4.94,36.7,Medium,2.72,2026-09-30 20:25,37.1,RED OVERVALUED: Above intrinsic value | HIGH QUALITY: Strong ROE & margins | NEWS: Feed unavailable
SAIA,Logistics,333.74,41.1,10.8043,0.82,32.21,10.77,8.19,0.5,-99.8,High,cf_df+cagr,-20.0,0.0,No recent news,Feed unavailable,"[{""headline"":""No recent news"",""score"":0.0,""label"":""Neutral"",""reason"":""Feed unavailable"",""geo_risk"":false,""pub_date"":"""",""link"":""""}]",False,4.71,30.9,Medium,3.24,2026-09-30 20:25,24.1,RED OVERVALUED: Above intrinsic value | NEWS: Feed unavailable
ASML,Semiconductors,1811.67,60.0,50.8179,0.89,62.51,53.94,30.11,680.41,-62.4,High,cf_df+cagr,15.4,0.0,No recent news,Feed unavailable,"[{""headline"":""No recent news"",""score"":0.0,""label"":""Neutral"",""reason"":""Feed unavailable"",""geo_risk"":false,""pub_date"":"""",""link"":""""}]",False,0.38,35.7,Medium,2.81,2026-09-30 20:25,33.6,RED OVERVALUED: Above intrinsic value | HIGH QUALITY: Strong ROE & margins | NEWS: Feed unavailable
LRCX,Semiconductors,328.51,61.4,13.5125,0.81,55.4,65.07,31.27,52.35,-84.1,High,cf_df+cagr,1.5,0.0,No recent news,Feed unavailable,"[{""headline"":""No recent news"",""score"":0.0,""label"":""Neutral"",""reason"":""Feed unavailable"",""geo_risk"":false,""pub_date"":"""",""link"":""""}]",False,2.33,24.3,Medium,4.11,2026-09-30 20:25,30.8,RED OVERVALUED: Above intrinsic value | HIGH QUALITY: Strong ROE & margins | NEWS: Feed unavailable
KLAC,Semiconductors,194.93,59.2,7.0436,0.72,53.26,87.5,35.57,41.47,-78.7,High,cf_df+cagr,4.2,0.0,No recent news,Feed unavailable,"[{""headline"":""No recent news"",""score"":0.0,""label"":""Neutral"",""reason"":""Feed unavailable"",""geo_risk"":false,""pub_date"":"""",""link"":""""}]",False,2.02,27.7,Medium,3.61,2026-09-30 20:26,32.0,RED OVERVALUED: Above intrinsic value | HIGH QUALITY: Strong ROE & margins | NEWS: Feed unavailable
AMAT,Semiconductors,511.38,62.8,18.55,0.95,44.2,41.07,30.05,122.39,-76.1,High,cf_df+cagr,7.3,0.0,No recent news,Feed unavailable,"[{""headline"":""No recent news"",""score"":0.0,""label"":""Neutral"",""reason"":""Feed unavailable"",""geo_risk"":false,""pub_date"":"""",""link"":""""}]",False,1.78,27.6,Medium,3.63,2026-09-30 20:26,31.3,RED OVERVALUED: Above intrinsic value | HIGH QUALITY: Strong ROE & margins | NEWS: Feed unavailable
MU,Semiconductors,1065.11,59.7,41.3422,1.04,24.1,66.64,55.91,24.64,-97.7,High,cf_df+cagr,-20.0,0.0,No recent news,Feed unavailable,"[{""headline"":""No recent news"",""score"":0.0,""label"":""Neutral"",""reason"":""Feed unavailable"",""geo_risk"":false,""pub_date"":"""",""link"":""""}]",False,2.45,25.8,Medium,3.88,2026-09-30 20:26,31.5,RED OVERVALUED: Above intrinsic value | HIGH QUALITY: Strong ROE & margins | NEWS: Feed unavailable
WDC,Semiconductors,454.46,49.1,23.98,1.01,16.87,130.85,72.95,465.45,2.4,Medium,cf_df,35.0,0.0,No recent news,Feed unavailable,"[{""headline"":""No recent news"",""score"":0.0,""label"":""Neutral"",""reason"":""Feed unavailable"",""geo_risk"":false,""pub_date"":"""",""link"":""""}]",False,5.38,19.0,High,5.28,2026-09-30 20:26,54.5,HIGH QUALITY: Strong ROE & margins | NEWS: Feed unavailable
STX,Semiconductors,922.34,58.9,46.1246,0.8,66.45,371.53,26.11,641.49,-30.4,High,cf_df+cagr,35.0,0.0,No recent news,Feed unavailable,"[{""headline"":""No recent news"",""score"":0.0,""label"":""Neutral"",""reason"":""Feed unavailable"",""geo_risk"":false,""pub_date"":"""",""link"":""""}]",False,4.59,20.0,High,5.0,2026-09-30 20:26,36.3,RED OVERVALUED: Above intrinsic value | HIGH QUALITY: Strong ROE & margins | NEWS: Feed unavailable
NXPI,Semiconductors,237.53,55.1,7.7598,0.71,20.25,27.92,22.56,58.24,-75.5,High,cf_df+cagr,-5.1,0.0,No recent news,Feed unavailable,"[{""headline"":""No recent news"",""score"":0.0,""label"":""Neutral"",""reason"":""Feed unavailable"",""geo_risk"":false,""pub_date"":"""",""link"":""""}]",False,3.22,30.6,Medium,3.27,2026-09-30 20:26,30.4,RED OVERVALUED: Above intrinsic value | HIGH QUALITY: Strong ROE & margins | NEWS: Feed unavailable
MRVL,Semiconductors,264.21,61.9,12.5586,0.66,87.2,16.52,27.93,27.03,-89.8,High,cf_df+cagr,9.1,0.0,No recent news,Feed unavailable,"[{""headline"":""No recent news"",""score"":0.0,""label"":""Neutral"",""reason"":""Feed unavailable"",""geo_risk"":false,""pub_date"":"""",""link"":""""}]",False,4.18,21.0,Medium,4.75,2026-09-30 20:26,21.1,RED OVERVALUED: Above intrinsic value | NEWS: Feed unavailable
MCHP,Semiconductors,77.77,56.1,2.7393,0.69,114.37,7.19,9.34,0.79,-99.0,High,cf_df+cagr,-20.0,0.0,No recent news,Feed unavailable,"[{""headline"":""No recent news"",""score"":0.0,""label"":""Neutral"",""reason"":""Feed unavailable"",""geo_risk"":false,""pub_date"":"""",""link"":""""}]",False,8.03,28.4,Medium,3.52,2026-09-30 20:27,14.7,RED OVERVALUED: Above intrinsic value | NEWS: Feed unavailable
ON,Semiconductors,76.87,54.1,3.7068,0.59,50.91,8.31,10.17,35.59,-53.7,High,cf_df+cagr,-3.9,0.0,No recent news,Feed unavailable,"[{""headline"":""No recent news"",""score"":0.0,""label"":""Neutral"",""reason"":""Feed unavailable"",""geo_risk"":false,""pub_date"":"""",""link"":""""}]",False,10.43,20.7,Medium,4.82,2026-09-30 20:27,19.3,RED OVERVALUED: Above intrinsic value | NEWS: Feed unavailable
TER,Semiconductors,400.91,58.4,18.9607,0.62,54.99,36.46,25.77,41.5,-89.6,High,cf_df+cagr,2.8,0.0,No recent news,Feed unavailable,"[{""headline"":""No recent news"",""score"":0.0,""label"":""Neutral"",""reason"":""Feed unavailable"",""geo_risk"":false,""pub_date"":"""",""link"":""""}]",False,5.99,21.1,Medium,4.73,2026-09-30 20:27,30.7,RED OVERVALUED: Above intrinsic value | HIGH QUALITY: Strong ROE & margins | NEWS: Feed unavailable
ENTG,Semiconductors,154.06,60.6,6.3107,0.61,77.03,7.67,9.19,102.66,-33.4,High,cf_df+cagr,35.0,0.0,No recent news,Feed unavailable,"[{""headline"":""No recent news"",""score"":0.0,""label"":""Neutral"",""reason"":""Feed unavailable"",""geo_risk"":false,""pub_date"":"""",""link"":""""}]",False,6.71,24.4,Medium,4.1,2026-09-30 20:27,17.5,RED OVERVALUED: Above intrinsic value | NEWS: Feed unavailable
FORM,Semiconductors,149.31,73.5,7.3886,1.81,102.27,10.99,12.8,4.78,-96.8,High,cf_df+cagr,-20.0,0.0,No recent news,Feed unavailable,"[{""headline"":""No recent news"",""score"":0.0,""label"":""Neutral"",""reason"":""Feed unavailable"",""geo_risk"":false,""pub_date"":"""",""link"":""""}]",False,5.84,20.2,Medium,4.95,2026-09-30 20:27,13.9,RED OVERVALUED: Above intrinsic value | OVERBOUGHT: RSI > 70 | NEWS: Feed unavailable
CRUS,Semiconductors,119.97,52.1,3.5521,0.74,14.52,20.9,21.0,488.03,306.8,High,cf_df+cagr,28.0,0.0,No recent news,Feed unavailable,"[{""headline"":""No recent news"",""score"":0.0,""label"":""Neutral"",""reason"":""Feed unavailable"",""geo_risk"":false,""pub_date"":"""",""link"":""""}]",False,8.26,33.8,Medium,2.96,2026-09-30 20:27,65.3,GREEN STRONG VALUE: Deep discount to intrinsic value | HIGH QUALITY: Strong ROE & margins | NEWS: Feed unavailable
SWKS,Semiconductors,85.48,55.8,5.4457,0.82,44.29,5.09,7.23,111.92,30.9,High,cf_df+cagr,5.6,0.0,No recent news,Feed unavailable,"[{""headline"":""No recent news"",""score"":0.0,""label"":""Neutral"",""reason"":""Feed unavailable"",""geo_risk"":false,""pub_date"":"""",""link"":""""}]",False,34.44,15.7,High,6.37,2026-09-30 20:27,42.4,GREEN STRONG VALUE: Deep discount to intrinsic value | SHORT PRESSURE: 34.4% of float | NEWS: Feed unavailable
QRVO,Semiconductors,114.48,56.9,5.1404,2.35,26.56,11.56,10.95,91.13,-20.4,High,cf_df+cagr,-0.2,0.0,No recent news,Feed unavailable,"[{""headline"":""No recent news"",""score"":0.0,""label"":""Neutral"",""reason"":""Feed unavailable"",""geo_risk"":false,""pub_date"":"""",""link"":""""}]",False,6.53,22.3,Medium,4.49,2026-09-30 20:27,28.9,RED OVERVALUED: Above intrinsic value | NEWS: Feed unavailable
RMBS,Semiconductors,106.76,65.0,5.66,0.87,48.97,17.79,31.69,82.08,-23.1,High,cf_df+cagr,16.6,0.0,No recent news,Feed unavailable,"[{""headline"":""No recent news"",""score"":0.0,""label"":""Neutral"",""reason"":""Feed unavailable"",""geo_risk"":false,""pub_date"":"""",""link"":""""}]",False,7.78,18.9,High,5.3,2026-09-30 20:28,26.3,RED OVERVALUED: Above intrinsic value | NEWS: Feed unavailable
MPWR,Semiconductors,1347.22,57.5,55.4,0.61,82.1,21.98,24.5,671.98,-50.1,High,cf_df+cagr,35.0,0.0,No recent news,Feed unavailable,"[{""headline"":""No recent news"",""score"":0.0,""label"":""Neutral"",""reason"":""Feed unavailable"",""geo_risk"":false,""pub_date"":"""",""link"":""""}]",False,5.22,24.3,Medium,4.11,2026-09-30 20:28,28.5,RED OVERVALUED: Above intrinsic value | HIGH QUALITY: Strong ROE & margins | NEWS: Feed unavailable
POWI,Semiconductors,51.8,47.9,2.414,1.44,117.73,3.62,5.58,12.35,-76.2,High,cf_df+cagr,-20.0,0.0,No recent news,Feed unavailable,"[{""headline"":""No recent news"",""score"":0.0,""label"":""Neutral"",""reason"":""Feed unavailable"",""geo_risk"":false,""pub_date"":"""",""link"":""""}]",False,14.9,21.5,Medium,4.66,2026-09-30 20:28,22.2,RED OVERVALUED: Above intrinsic value | NEWS: Feed unavailable
SLAB,Semiconductors,221.58,61.8,0.9679,0.93,0.0,-3.63,-4.57,49.19,-77.8,Medium,cf_df,10.3,0.0,No recent news,Feed unavailable,"[{""headline"":""No recent news"",""score"":0.0,""label"":""Neutral"",""reason"":""Feed unavailable"",""geo_risk"":false,""pub_date"":"""",""link"":""""}]",False,12.91,50.0,Low,0.44,2026-09-30 20:28,10.1,RED OVERVALUED: Above intrinsic value | NEWS: Feed unavailable
MTSI,Semiconductors,284.82,54.8,13.44,0.7,91.0,17.18,20.7,28.54,-90.0,High,cf_df+cagr,0.6,0.0,No recent news,Feed unavailable,"[{""headline"":""No recent news"",""score"":0.0,""label"":""Neutral"",""reason"":""Feed unavailable"",""geo_risk"":false,""pub_date"":"""",""link"":""""}]",False,4.35,21.2,Medium,4.72,2026-09-30 20:28,25.1,RED OVERVALUED: Above intrinsic value | NEWS: Feed unavailable
CEVA,Semiconductors,35.33,64.4,1.7532,1.87,0.0,-3.62,-9.48,7.54,-78.7,Medium,cf_df,8.2,0.0,No recent news,Feed unavailable,"[{""headline"":""No recent news"",""score"":0.0,""label"":""Neutral"",""reason"":""Feed unavailable"",""geo_risk"":false,""pub_date"":"""",""link"":""""}]",False,11.57,20.2,Medium,4.96,2026-09-30 20:28,12.5,RED OVERVALUED: Above intrinsic value | NEWS: Feed unavailable
ACLS,Semiconductors,131.18,63.1,5.2921,1.32,44.02,8.89,10.71,28.2,-78.5,High,cf_df+cagr,-19.5,0.0,No recent news,Feed unavailable,"[{""headline"":""No recent news"",""score"":0.0,""label"":""Neutral"",""reason"":""Feed unavailable"",""geo_risk"":false,""pub_date"":"""",""link"":""""}]",False,6.7,24.8,Medium,4.03,2026-09-30 20:28,16.0,RED OVERVALUED: Above intrinsic value | NEWS: Feed unavailable
T,Telecom,24.4,39.2,0.59,0.85,8.05,18.34,16.94,46.11,89.0,High,cf_df+cagr,16.2,0.0,No recent news,Feed unavailable,"[{""headline"":""No recent news"",""score"":0.0,""label"":""Neutral"",""reason"":""Feed unavailable"",""geo_risk"":false,""pub_date"":"""",""link"":""""}]",False,1.91,41.4,Medium,2.42,2026-09-30 20:28,66.1,GREEN STRONG VALUE: Deep discount to intrinsic value | NEWS: Feed unavailable
VZ,Telecom,45.87,33.8,1.0404,0.92,11.95,15.84,11.64,104.23,127.2,High,cf_df+cagr,23.7,0.0,No recent news,Feed unavailable,"[{""headline"":""No recent news"",""score"":0.0,""label"":""Neutral"",""reason"":""Feed unavailable"",""geo_risk"":false,""pub_date"":"""",""link"":""""}]",False,2.02,44.1,Medium,2.27,2026-09-30 20:29,68.1,GREEN STRONG VALUE: Deep discount to intrinsic value | NEWS: Feed unavailable
TMUS,Telecom,163.08,35.4,4.9493,0.74,17.04,17.99,11.46,576.18,253.3,High,cf_df+cagr,35.0,0.0,No recent news,Feed unavailable,"[{""headline"":""No recent news"",""score"":0.0,""label"":""Neutral"",""reason"":""Feed unavailable"",""geo_risk"":false,""pub_date"":"""",""link"":""""}]",False,3.79,33.0,Medium,3.03,2026-09-30 20:29,67.5,GREEN STRONG VALUE: Deep discount to intrinsic value | NEWS: Feed unavailable
CHTR,Telecom,110.9,29.0,5.4214,0.72,2.89,27.2,9.05,34.29,-69.1,High,cf_df+cagr,-7.3,0.0,No recent news,Feed unavailable,"[{""headline"":""No recent news"",""score"":0.0,""label"":""Neutral"",""reason"":""Feed unavailable"",""geo_risk"":false,""pub_date"":"""",""link"":""""}]",False,38.75,20.5,Medium,4.89,2026-09-30 20:29,38.7,RED OVERVALUED: Above intrinsic value | OVERSOLD: RSI < 30 | SHORT PRESSURE: 38.8% of float | NEWS: Feed unavailable
CMCSA,Telecom,21.76,28.3,0.6443,0.93,6.97,11.49,8.97,100.52,362.0,High,cf_df+cagr,15.0,0.0,No recent news,Feed unavailable,"[{""headline"":""No recent news"",""score"":0.0,""label"":""Neutral"",""reason"":""Feed unavailable"",""geo_risk"":false,""pub_date"":"""",""link"":""""}]",False,2.54,33.8,Medium,2.96,2026-09-30 20:29,69.2,GREEN STRONG VALUE: Deep discount to intrinsic value | OVERSOLD: RSI < 30 | NEWS: Feed unavailable
LUMN,Telecom,5.6,33.1,0.31,0.79,0.0,0.0,-8.65,0.18,-96.8,High,cf_df+cagr,-20.0,0.0,No recent news,Feed unavailable,"[{""headline"":""No recent news"",""score"":0.0,""label"":""Neutral"",""reason"":""Feed unavailable"",""geo_risk"":false,""pub_date"":"""",""link"":""""}]",False,7.99,18.1,High,5.54,2026-09-30 20:29,23.9,RED OVERVALUED: Above intrinsic value | NEWS: Feed unavailable
SHEN,Telecom,11.22,35.4,0.4839,0.81,0.0,-3.94,-12.23,17.15,52.9,Low,info_ocf,5.2,0.0,No recent news,Feed unavailable,"[{""headline"":""No recent news"",""score"":0.0,""label"":""Neutral"",""reason"":""Feed unavailable"",""geo_risk"":false,""pub_date"":"""",""link"":""""}]",False,7.81,23.2,Medium,4.31,2026-09-30 20:29,58.9,GREEN STRONG VALUE: Deep discount to intrinsic value | NEWS: Feed unavailable
CABO,Telecom,11.02,24.1,1.7637,1.5,0.0,-126.21,-72.83,46.17,319.0,High,cf_df+cagr,-5.7,0.0,No recent news,Feed unavailable,"[{""headline"":""No recent news"",""score"":0.0,""label"":""Neutral"",""reason"":""Feed unavailable"",""geo_risk"":false,""pub_date"":"""",""link"":""""}]",False,19.22,6.2,High,16.0,2026-09-30 20:29,18.5,GREEN STRONG VALUE: Deep discount to intrinsic value | OVERSOLD: RSI < 30 | SHORT PRESSURE: 19.2% of float | NEWS: Feed unavailable
IRDM,Telecom,47.9,50.9,0.9553,0.76,55.06,19.71,10.55,24.53,-48.8,High,cf_df+cagr,3.1,0.0,No recent news,Feed unavailable,"[{""headline"":""No recent news"",""score"":0.0,""label"":""Neutral"",""reason"":""Feed unavailable"",""geo_risk"":false,""pub_date"":"""",""link"":""""}]",False,3.75,50.0,Low,1.99,2026-09-30 20:30,26.6,RED OVERVALUED: Above intrinsic value | NEWS: Feed unavailable
GSAT,Telecom,82.89,56.7,0.6218,1.05,0.0,-15.88,-18.49,8.73,-89.5,Medium,cf_df,1.6,0.0,No recent news,Feed unavailable,"[{""headline"":""No recent news"",""score"":0.0,""label"":""Neutral"",""reason"":""Feed unavailable"",""geo_risk"":false,""pub_date"":"""",""link"":""""}]",False,8.49,50.0,Low,0.75,2026-09-30 20:30,7.3,RED OVERVALUED: Above intrinsic value | NEWS: Feed unavailable
VSAT,Telecom,70.38,43.8,3.585,0.75,0.0,0.19,-0.64,21.61,-69.3,Medium,cf_df,2.5,0.0,No recent news,Feed unavailable,"[{""headline"":""No recent news"",""score"":0.0,""label"":""Neutral"",""reason"":""Feed unavailable"",""geo_risk"":false,""pub_date"":"""",""link"":""""}]",False,9.68,19.6,High,5.09,2026-09-30 20:30,20.6,RED OVERVALUED: Above intrinsic value | NEWS: Feed unavailable
ECL,Industrial,274.58,46.5,4.8904,1.26,36.81,21.96,12.57,163.62,-40.4,High,cf_df+cagr,21.0,0.0,No recent news,Feed unavailable,"[{""headline"":""No recent news"",""score"":0.0,""label"":""Neutral"",""reason"":""Feed unavailable"",""geo_risk"":false,""pub_date"":"""",""link"":""""}]",False,2.14,50.0,Low,1.78,2026-09-30 20:30,32.3,RED OVERVALUED: Above intrinsic value | NEWS: Feed unavailable
EMR,Industrial,155.1,53.3,3.6714,1.94,33.86,12.8,13.83,39.29,-74.7,High,cf_df+cagr,0.6,0.0,No recent news,Feed unavailable,"[{""headline"":""No recent news"",""score"":0.0,""label"":""Neutral"",""reason"":""Feed unavailable"",""geo_risk"":false,""pub_date"":"""",""link"":""""}]",False,1.51,42.2,Medium,2.37,2026-09-30 20:30,25.3,RED OVERVALUED: Above intrinsic value | NEWS: Feed unavailable
GE,Industrial,312.29,36.6,8.6706,0.97,36.78,48.23,17.72,128.35,-58.9,High,cf_df+cagr,11.4,0.0,No recent news,Feed unavailable,"[{""headline"":""No recent news"",""score"":0.0,""label"":""Neutral"",""reason"":""Feed unavailable"",""geo_risk"":false,""pub_date"":"""",""link"":""""}]",False,1.52,36.0,Medium,2.78,2026-09-30 20:30,40.9,RED OVERVALUED: Above intrinsic value | HIGH QUALITY: Strong ROE & margins | NEWS: Feed unavailable
ITW,Industrial,257.28,30.9,5.0129,1.62,23.33,104.62,19.39,159.87,-37.9,High,cf_df+cagr,11.8,0.0,No recent news,Feed unavailable,"[{""headline"":""No recent news"",""score"":0.0,""label"":""Neutral"",""reason"":""Feed unavailable"",""geo_risk"":false,""pub_date"":"""",""link"":""""}]",False,3.09,50.0,Low,1.95,2026-09-30 20:30,48.0,RED OVERVALUED: Above intrinsic value | HIGH QUALITY: Strong ROE & margins | NEWS: Feed unavailable
MMM,Industrial,164.15,40.8,3.6407,1.1,29.16,81.89,11.9,1.33,-99.2,High,cf_df+cagr,-20.0,0.0,No recent news,Feed unavailable,"[{""headline"":""No recent news"",""score"":0.0,""label"":""Neutral"",""reason"":""Feed unavailable"",""geo_risk"":false,""pub_date"":"""",""link"":""""}]",False,1.94,45.1,Medium,2.22,2026-09-30 20:30,36.1,RED OVERVALUED: Above intrinsic value | NEWS: Feed unavailable
FLR,Industrial,47.88,33.6,1.8807,1.47,0.0,-45.17,-12.85,39.09,-18.4,Medium,cf_df,-20.0,0.0,No recent news,Feed unavailable,"[{""headline"":""No recent news"",""score"":0.0,""label"":""Neutral"",""reason"":""Feed unavailable"",""geo_risk"":false,""pub_date"":"""",""link"":""""}]",False,10.8,25.5,Medium,3.93,2026-09-30 20:31,16.0,NEWS: Feed unavailable
JCI,Industrial,148.65,57.6,3.7165,0.94,41.76,14.33,14.32,1.05,-99.3,High,cf_df+cagr,-13.7,0.0,No recent news,Feed unavailable,"[{""headline"":""No recent news"",""score"":0.0,""label"":""Neutral"",""reason"":""Feed unavailable"",""geo_risk"":false,""pub_date"":"""",""link"":""""}]",False,2.11,40.0,Medium,2.5,2026-09-30 20:31,17.8,RED OVERVALUED: Above intrinsic value | NEWS: Feed unavailable
ETN,Industrial,429.71,53.6,14.4536,0.89,43.67,19.68,12.75,224.44,-47.8,High,cf_df+cagr,22.5,0.0,No recent news,Feed unavailable,"[{""headline"":""No recent news"",""score"":0.0,""label"":""Neutral"",""reason"":""Feed unavailable"",""geo_risk"":false,""pub_date"":"""",""link"":""""}]",False,2.0,29.7,Medium,3.36,2026-09-30 20:31,25.8,RED OVERVALUED: Above intrinsic value | NEWS: Feed unavailable
PH,Industrial,955.42,45.6,20.5675,1.13,33.61,25.08,16.97,627.69,-34.3,High,cf_df+cagr,14.5,0.0,No recent news,Feed unavailable,"[{""headline"":""No recent news"",""score"":0.0,""label"":""Neutral"",""reason"":""Feed unavailable"",""geo_risk"":false,""pub_date"":"""",""link"":""""}]",False,1.16,46.5,Medium,2.15,2026-09-30 20:31,34.0,RED OVERVALUED: Above intrinsic value | HIGH QUALITY: Strong ROE & margins | NEWS: Feed unavailable
ROK,Industrial,435.33,54.8,10.2857,1.18,40.84,30.63,13.39,391.16,-10.1,High,cf_df+cagr,25.8,0.0,No recent news,Feed unavailable,"[{""headline"":""No recent news"",""score"":0.0,""label"":""Neutral"",""reason"":""Feed unavailable"",""geo_risk"":false,""pub_date"":"""",""link"":""""}]",False,3.89,42.3,Medium,2.36,2026-09-30 20:31,34.6,NEWS: Feed unavailable
DOV,Industrial,187.05,39.2,4.0479,1.19,22.62,14.91,13.48,247.23,32.2,High,cf_df+cagr,23.2,0.0,No recent news,Feed unavailable,"[{""headline"":""No recent news"",""score"":0.0,""label"":""Neutral"",""reason"":""Feed unavailable"",""geo_risk"":false,""pub_date"":"""",""link"":""""}]",False,3.57,46.2,Medium,2.16,2026-09-30 20:31,56.1,GREEN STRONG VALUE: Deep discount to intrinsic value | NEWS: Feed unavailable
IR,Industrial,75.11,47.1,1.9751,1.36,31.04,9.47,12.08,67.3,-10.4,High,cf_df+cagr,16.8,0.0,No recent news,Feed unavailable,"[{""headline"":""No recent news"",""score"":0.0,""label"":""Neutral"",""reason"":""Feed unavailable"",""geo_risk"":false,""pub_date"":"""",""link"":""""}]",False,3.97,38.0,Medium,2.63,2026-09-30 20:31,30.7,NEWS: Feed unavailable
XYL,Industrial,101.27,29.1,2.3864,0.94,24.11,9.18,11.15,164.88,62.8,High,cf_df+cagr,32.9,0.0,No recent news,Feed unavailable,"[{""headline"":""No recent news"",""score"":0.0,""label"":""Neutral"",""reason"":""Feed unavailable"",""geo_risk"":false,""pub_date"":"""",""link"":""""}]",False,6.04,42.4,Medium,2.36,2026-09-30 20:31,67.9,GREEN STRONG VALUE: Deep discount to intrinsic value | OVERSOLD: RSI < 30 | NEWS: Feed unavailable
IEX,Industrial,227.98,51.1,4.3332,1.21,32.8,12.96,14.49,126.88,-44.3,High,cf_df+cagr,8.0,0.0,No recent news,Feed unavailable,"[{""headline"":""No recent news"",""score"":0.0,""label"":""Neutral"",""reason"":""Feed unavailable"",""geo_risk"":false,""pub_date"":"""",""link"":""""}]",False,3.25,50.0,Low,1.9,2026-09-30 20:32,25.9,RED OVERVALUED: Above intrinsic value | NEWS: Feed unavailable
FLS,Industrial,73.12,42.9,2.3501,0.84,25.57,16.94,8.01,123.08,68.3,High,cf_df+cagr,29.7,0.0,No recent news,Feed unavailable,"[{""headline"":""No recent news"",""score"":0.0,""label"":""Neutral"",""reason"":""Feed unavailable"",""geo_risk"":false,""pub_date"":"""",""link"":""""}]",False,6.28,31.1,Medium,3.21,2026-09-30 20:32,63.7,GREEN STRONG VALUE: Deep discount to intrinsic value | NEWS: Feed unavailable
A,Industrial,172.31,70.4,4.9871,1.04,33.92,20.97,19.53,51.29,-70.2,High,cf_df+cagr,4.1,0.0,No recent news,Feed unavailable,"[{""headline"":""No recent news"",""score"":0.0,""label"":""Neutral"",""reason"":""Feed unavailable"",""geo_risk"":false,""pub_date"":"""",""link"":""""}]",False,2.05,34.6,Medium,2.89,2026-09-30 20:32,16.9,RED OVERVALUED: Above intrinsic value | OVERBOUGHT: RSI > 70 | HIGH QUALITY: Strong ROE & margins | NEWS: Feed unavailable
AOS,Industrial,56.37,37.3,1.1968,1.56,15.79,27.13,13.15,129.39,129.5,High,cf_df+cagr,19.4,0.0,No recent news,Feed unavailable,"[{""headline"":""No recent news"",""score"":0.0,""label"":""Neutral"",""reason"":""Feed unavailable"",""geo_risk"":false,""pub_date"":"""",""link"":""""}]",False,11.14,47.1,Medium,2.12,2026-09-30 20:32,73.4,GREEN STRONG VALUE: Deep discount to intrinsic value | NEWS: Feed unavailable
CARR,Industrial,54.86,37.6,1.6831,0.87,39.19,8.97,5.52,43.31,-21.1,High,cf_df+cagr,14.1,0.0,No recent news,Feed unavailable,"[{""headline"":""No recent news"",""score"":0.0,""label"":""Neutral"",""reason"":""Feed unavailable"",""geo_risk"":false,""pub_date"":"""",""link"":""""}]",False,2.34,32.6,Medium,3.07,2026-09-30 20:32,31.6,RED OVERVALUED: Above intrinsic value | NEWS: Feed unavailable
OTIS,Industrial,64.32,31.5,1.6299,1.17,16.53,0.0,10.17,25.42,-60.5,High,cf_df+cagr,-0.0,0.0,No recent news,Feed unavailable,"[{""headline"":""No recent news"",""score"":0.0,""label"":""Neutral"",""reason"":""Feed unavailable"",""geo_risk"":false,""pub_date"":"""",""link"":""""}]",False,4.82,39.5,Medium,2.53,2026-09-30 20:32,29.1,RED OVERVALUED: Above intrinsic value | NEWS: Feed unavailable
LII,Industrial,355.02,31.9,10.105,1.07,15.77,71.76,14.87,824.33,132.2,High,cf_df+cagr,35.0,0.0,No recent news,Feed unavailable,"[{""headline"":""No recent news"",""score"":0.0,""label"":""Neutral"",""reason"":""Feed unavailable"",""geo_risk"":false,""pub_date"":"""",""link"":""""}]",False,7.92,35.1,Medium,2.85,2026-09-30 20:32,78.3,GREEN STRONG VALUE: Deep discount to intrinsic value | NEWS: Feed unavailable
NDSN,Industrial,327.85,62.3,5.9114,1.11,33.15,17.76,18.63,216.51,-34.0,High,cf_df+cagr,12.7,0.0,No recent news,Feed unavailable,"[{""headline"":""No recent news"",""score"":0.0,""label"":""Neutral"",""reason"":""Feed unavailable"",""geo_risk"":false,""pub_date"":"""",""link"":""""}]",False,3.06,50.0,Low,1.8,2026-09-30 20:32,22.7,RED OVERVALUED: Above intrinsic value | NEWS: Feed unavailable
ROP,Industrial,349.41,25.6,9.1264,0.88,14.55,13.07,30.24,1063.59,204.4,High,cf_df+cagr,35.0,0.0,No recent news,Feed unavailable,"[{""headline"":""No recent news"",""score"":0.0,""label"":""Neutral"",""reason"":""Feed unavailable"",""geo_risk"":false,""pub_date"":"""",""link"":""""}]",False,6.05,38.3,Medium,2.61,2026-09-30 20:33,76.0,GREEN STRONG VALUE: Deep discount to intrinsic value | OVERSOLD: RSI < 30 | NEWS: Feed unavailable
ITT,Industrial,201.82,46.9,6.5071,1.04,39.65,11.57,8.9,0.0,0.0,N/A,no_shares,0.0,0.0,No recent news,Feed unavailable,"[{""headline"":""No recent news"",""score"":0.0,""label"":""Neutral"",""reason"":""Feed unavailable"",""geo_risk"":false,""pub_date"":"""",""link"":""""}]",False,8.48,31.0,Medium,3.22,2026-09-30 20:33,30.3,GREY: DCF not applicable | NEWS: Feed unavailable
FTI,Industrial,67.92,30.0,2.0736,0.83,23.75,35.81,11.28,175.36,158.2,High,cf_df+cagr,35.0,0.0,No recent news,Feed unavailable,"[{""headline"":""No recent news"",""score"":0.0,""label"":""Neutral"",""reason"":""Feed unavailable"",""geo_risk"":false,""pub_date"":"""",""link"":""""}]",False,3.26,32.8,Medium,3.05,2026-09-30 20:33,77.7,GREEN STRONG VALUE: Deep discount to intrinsic value | NEWS: Feed unavailable
TXT,Industrial,76.2,32.3,1.7268,0.97,14.35,12.13,6.12,33.8,-55.6,High,cf_df+cagr,-6.4,0.0,No recent news,Feed unavailable,"[{""headline"":""No recent news"",""score"":0.0,""label"":""Neutral"",""reason"":""Feed unavailable"",""geo_risk"":false,""pub_date"":"""",""link"":""""}]",False,4.95,44.1,Medium,2.27,2026-09-30 20:33,33.1,RED OVERVALUED: Above intrinsic value | NEWS: Feed unavailable
FAST,Industrial,49.53,47.9,0.9179,1.04,42.33,34.33,15.45,17.62,-64.4,High,cf_df+cagr,11.0,0.0,No recent news,Feed unavailable,"[{""headline"":""No recent news"",""score"":0.0,""label"":""Neutral"",""reason"":""Feed unavailable"",""geo_risk"":false,""pub_date"":"""",""link"":""""}]",False,3.55,50.0,Low,1.85,2026-09-30 20:33,33.8,RED OVERVALUED: Above intrinsic value | HIGH QUALITY: Strong ROE & margins | NEWS: Feed unavailable
MSM,Industrial,123.72,56.5,2.83,0.76,29.88,16.32,5.92,0.0,0.0,N/A,no_shares,0.0,0.0,No recent news,Feed unavailable,"[{""headline"":""No recent news"",""score"":0.0,""label"":""Neutral"",""reason"":""Feed unavailable"",""geo_risk"":false,""pub_date"":"""",""link"":""""}]",False,5.43,43.7,Medium,2.29,2026-09-30 20:33,26.3,GREY: DCF not applicable | NEWS: Feed unavailable
SWK,Industrial,88.59,39.7,2.4471,1.1,21.66,6.89,4.07,4.93,-94.4,High,cf_df+cagr,-10.2,0.0,No recent news,Feed unavailable,"[{""headline"":""No recent news"",""score"":0.0,""label"":""Neutral"",""reason"":""Feed unavailable"",""geo_risk"":false,""pub_date"":"""",""link"":""""}]",False,5.43,36.2,Medium,2.76,2026-09-30 20:33,24.7,RED OVERVALUED: Above intrinsic value | NEWS: Feed unavailable
CMI,Industrial,516.57,30.8,13.9671,0.94,26.42,21.11,7.82,703.03,36.1,High,cf_df+cagr,31.6,0.0,No recent news,Feed unavailable,"[{""headline"":""No recent news"",""score"":0.0,""label"":""Neutral"",""reason"":""Feed unavailable"",""geo_risk"":false,""pub_date"":"""",""link"":""""}]",False,3.04,37.0,Medium,2.7,2026-09-30 20:33,61.8,GREEN STRONG VALUE: Deep discount to intrinsic value | NEWS: Feed unavailable
PWR,Industrial,642.51,51.6,21.3157,1.12,73.6,15.34,4.03,424.42,-33.9,High,cf_df+cagr,32.1,0.0,No recent news,Feed unavailable,"[{""headline"":""No recent news"",""score"":0.0,""label"":""Neutral"",""reason"":""Feed unavailable"",""geo_risk"":false,""pub_date"":"""",""link"":""""}]",False,2.4,30.1,Medium,3.32,2026-09-30 20:34,27.1,RED OVERVALUED: Above intrinsic value | NEWS: Feed unavailable
ALLE,Industrial,153.77,47.9,2.9328,0.63,20.18,33.73,15.36,201.78,31.2,High,cf_df+cagr,20.1,0.0,No recent news,Feed unavailable,"[{""headline"":""No recent news"",""score"":0.0,""label"":""Neutral"",""reason"":""Feed unavailable"",""geo_risk"":false,""pub_date"":"""",""link"":""""}]",False,3.54,50.0,Low,1.91,2026-09-30 20:34,57.1,GREEN STRONG VALUE: Deep discount to intrinsic value | HIGH QUALITY: Strong ROE & margins | NEWS: Feed unavailable
WTS,Industrial,354.18,46.1,6.4486,0.88,30.93,18.8,14.34,392.86,10.9,High,cf_df+cagr,22.1,0.0,No recent news,Feed unavailable,"[{""headline"":""No recent news"",""score"":0.0,""label"":""Neutral"",""reason"":""Feed unavailable"",""geo_risk"":false,""pub_date"":"""",""link"":""""}]",False,3.63,50.0,Low,1.82,2026-09-30 20:34,43.0,YELLOW FAIR VALUE: Modest upside | NEWS: Feed unavailable
CR,Industrial,204.02,49.0,4.7914,0.91,35.61,16.52,12.97,268.34,31.5,High,cf_df+cagr,35.0,0.0,No recent news,Feed unavailable,"[{""headline"":""No recent news"",""score"":0.0,""label"":""Neutral"",""reason"":""Feed unavailable"",""geo_risk"":false,""pub_date"":"""",""link"":""""}]",False,2.17,42.6,Medium,2.35,2026-09-30 20:34,50.8,GREEN STRONG VALUE: Deep discount to intrinsic value | NEWS: Feed unavailable
RSG,Waste_Management,209.87,33.4,3.2582,0.71,29.73,18.15,12.94,109.94,-47.6,High,cf_df+cagr,11.5,0.0,No recent news,Feed unavailable,"[{""headline"":""No recent news"",""score"":0.0,""label"":""Neutral"",""reason"":""Feed unavailable"",""geo_risk"":false,""pub_date"":"""",""link"":""""}]",False,2.52,50.0,Low,1.55,2026-09-30 20:34,34.6,RED OVERVALUED: Above intrinsic value | NEWS: Feed unavailable
WM,Waste_Management,203.92,27.1,3.1443,1.06,28.88,29.84,11.12,91.62,-55.1,High,cf_df+cagr,13.1,0.0,No recent news,Feed unavailable,"[{""headline"":""No recent news"",""score"":0.0,""label"":""Neutral"",""reason"":""Feed unavailable"",""geo_risk"":false,""pub_date"":"""",""link"":""""}]",False,1.45,50.0,Low,1.54,2026-09-30 20:34,43.2,RED OVERVALUED: Above intrinsic value | OVERSOLD: RSI < 30 | NEWS: Feed unavailable
WCN,Waste_Management,153.93,29.7,2.5371,1.16,37.18,13.03,10.86,30.34,-80.3,High,cf_df+cagr,3.2,0.0,No recent news,Feed unavailable,"[{""headline"":""No recent news"",""score"":0.0,""label"":""Neutral"",""reason"":""Feed unavailable"",""geo_risk"":false,""pub_date"":"""",""link"":""""}]",False,1.56,50.0,Low,1.65,2026-09-30 20:34,33.6,RED OVERVALUED: Above intrinsic value | OVERSOLD: RSI < 30 | NEWS: Feed unavailable
CWST,Waste_Management,80.35,23.8,2.4164,1.44,1004.38,0.36,0.29,1.58,-98.0,High,cf_df+cagr,-0.9,0.0,No recent news,Feed unavailable,"[{""headline"":""No recent news"",""score"":0.0,""label"":""Neutral"",""reason"":""Feed unavailable"",""geo_risk"":false,""pub_date"":"""",""link"":""""}]",False,10.84,33.3,Medium,3.01,2026-09-30 20:34,31.2,RED OVERVALUED: Above intrinsic value | OVERSOLD: RSI < 30 | NEWS: Feed unavailable
CLH,Waste_Management,310.23,42.5,5.5786,1.09,37.56,15.56,7.03,146.61,-52.7,High,cf_df+cagr,16.2,0.0,No recent news,Feed unavailable,"[{""headline"":""No recent news"",""score"":0.0,""label"":""Neutral"",""reason"":""Feed unavailable"",""geo_risk"":false,""pub_date"":"""",""link"":""""}]",False,2.25,50.0,Low,1.8,2026-09-30 20:35,30.1,RED OVERVALUED: Above intrinsic value | NEWS: Feed unavailable
WERN,Transportation,33.98,35.0,1.2904,0.93,0.0,-3.91,-1.42,0.57,-98.3,Low,info_fcf,-20.0,0.0,No recent news,Feed unavailable,"[{""headline"":""No recent news"",""score"":0.0,""label"":""Neutral"",""reason"":""Feed unavailable"",""geo_risk"":false,""pub_date"":"""",""link"":""""}]",False,11.36,26.3,Medium,3.8,2026-09-30 20:35,21.8,RED OVERVALUED: Above intrinsic value | NEWS: Feed unavailable
ARCB,Transportation,127.44,40.3,4.5346,0.82,190.21,1.27,0.39,9.08,-92.9,High,cf_df+cagr,-20.0,0.0,No recent news,Feed unavailable,"[{""headline"":""No recent news"",""score"":0.0,""label"":""Neutral"",""reason"":""Feed unavailable"",""geo_risk"":false,""pub_date"":"""",""link"":""""}]",False,8.34,28.1,Medium,3.56,2026-09-30 20:35,21.2,RED OVERVALUED: Above intrinsic value | NEWS: Feed unavailable
HTLD,Transportation,11.61,41.1,0.3855,0.74,0.0,-2.85,-2.98,3.98,-65.7,Medium,cf_df,-2.0,0.0,No recent news,Feed unavailable,"[{""headline"":""No recent news"",""score"":0.0,""label"":""Neutral"",""reason"":""Feed unavailable"",""geo_risk"":false,""pub_date"":"""",""link"":""""}]",False,7.76,30.1,Medium,3.32,2026-09-30 20:35,21.0,RED OVERVALUED: Above intrinsic value | NEWS: Feed unavailable
JBHT,Transportation,224.05,29.4,8.2971,0.82,31.83,18.45,5.31,466.25,108.1,High,cf_df+cagr,35.0,0.0,No recent news,Feed unavailable,"[{""headline"":""No recent news"",""score"":0.0,""label"":""Neutral"",""reason"":""Feed unavailable"",""geo_risk"":false,""pub_date"":"""",""link"":""""}]",False,3.21,27.0,Medium,3.7,2026-09-30 20:35,71.0,GREEN STRONG VALUE: Deep discount to intrinsic value | OVERSOLD: RSI < 30 | NEWS: Feed unavailable
MRTN,Transportation,12.92,30.3,0.3338,1.27,86.13,1.65,1.47,4.3,-66.7,Medium,cf_df,-16.6,0.0,No recent news,Feed unavailable,"[{""headline"":""No recent news"",""score"":0.0,""label"":""Neutral"",""reason"":""Feed unavailable"",""geo_risk"":false,""pub_date"":"""",""link"":""""}]",False,9.81,38.7,Medium,2.58,2026-09-30 20:35,30.3,RED OVERVALUED: Above intrinsic value | NEWS: Feed unavailable
R,Transportation,227.86,24.0,5.115,1.0,18.51,16.7,3.88,19.89,-91.3,Medium,cf_df,7.2,0.0,No recent news,Feed unavailable,"[{""headline"":""No recent news"",""score"":0.0,""label"":""Neutral"",""reason"":""Feed unavailable"",""geo_risk"":false,""pub_date"":"""",""link"":""""}]",False,3.06,44.5,Medium,2.24,2026-09-30 20:35,36.4,RED OVERVALUED: Above intrinsic value | OVERSOLD: RSI < 30 | NEWS: Feed unavailable
SNDR,Transportation,31.85,37.2,0.8806,1.25,49.77,3.68,1.92,30.58,-4.0,High,cf_df+cagr,6.0,0.0,No recent news,Feed unavailable,"[{""headline"":""No recent news"",""score"":0.0,""label"":""Neutral"",""reason"":""Feed unavailable"",""geo_risk"":false,""pub_date"":"""",""link"":""""}]",False,11.15,36.2,Medium,2.76,2026-09-30 20:36,32.9,NEWS: Feed unavailable
TFI,Transportation,42.77,26.6,0.2486,1.1,0.0,0.0,0.0,0.0,0.0,N/A,no_fcf,0.0,0.0,No recent news,Feed unavailable,"[{""headline"":""No recent news"",""score"":0.0,""label"":""Neutral"",""reason"":""Feed unavailable"",""geo_risk"":false,""pub_date"":"""",""link"":""""}]",False,0.0,50.0,Low,0.58,2026-09-30 20:36,36.1,GREY: DCF not applicable | OVERSOLD: RSI < 30 | NEWS: Feed unavailable
TFII,Transportation,119.86,30.9,3.4618,0.84,29.45,12.41,4.14,89.41,-25.4,High,cf_df+cagr,4.2,0.0,No recent news,Feed unavailable,"[{""headline"":""No recent news"",""score"":0.0,""label"":""Neutral"",""reason"":""Feed unavailable"",""geo_risk"":false,""pub_date"":"""",""link"":""""}]",False,0.0,34.6,Medium,2.89,2026-09-30 20:36,35.8,RED OVERVALUED: Above intrinsic value | NEWS: Feed unavailable
CL,Consumer_Products,85.32,36.5,1.5754,0.87,33.59,267.37,9.68,144.09,68.9,High,cf_df+cagr,25.0,0.0,No recent news,Feed unavailable,"[{""headline"":""No recent news"",""score"":0.0,""label"":""Neutral"",""reason"":""Feed unavailable"",""geo_risk"":false,""pub_date"":"""",""link"":""""}]",False,2.58,50.0,Low,1.85,2026-09-30 20:36,75.2,GREEN STRONG VALUE: Deep discount to intrinsic value | NEWS: Feed unavailable
PG,Consumer_Products,145.28,47.0,2.3964,1.06,21.95,30.29,18.44,80.97,-44.3,High,cf_df+cagr,3.2,0.0,No recent news,Feed unavailable,"[{""headline"":""No recent news"",""score"":0.0,""label"":""Neutral"",""reason"":""Feed unavailable"",""geo_risk"":false,""pub_date"":"""",""link"":""""}]",False,1.04,50.0,Low,1.65,2026-09-30 20:36,34.3,RED OVERVALUED: Above intrinsic value | HIGH QUALITY: Strong ROE & margins | NEWS: Feed unavailable
UL,Consumer_Products,60.73,37.7,0.9443,1.1,20.94,31.87,18.32,38.9,-35.9,High,cf_df+cagr,6.6,0.0,No recent news,Feed unavailable,"[{""headline"":""No recent news"",""score"":0.0,""label"":""Neutral"",""reason"":""Feed unavailable"",""geo_risk"":false,""pub_date"":"""",""link"":""""}]",False,0.0,50.0,Low,1.55,2026-09-30 20:36,40.4,RED OVERVALUED: Above intrinsic value | HIGH QUALITY: Strong ROE & margins | NEWS: Feed unavailable
KMB,Consumer_Products,97.43,35.8,1.9007,0.88,19.25,104.91,11.79,33.82,-65.3,High,cf_df+cagr,-4.1,0.0,No recent news,Feed unavailable,"[{""headline"":""No recent news"",""score"":0.0,""label"":""Neutral"",""reason"":""Feed unavailable"",""geo_risk"":false,""pub_date"":"""",""link"":""""}]",False,18.03,50.0,Low,1.95,2026-09-30 20:36,40.4,RED OVERVALUED: Above intrinsic value | SHORT PRESSURE: 18.0% of float | NEWS: Feed unavailable
CHD,Consumer_Products,94.22,38.1,1.4518,1.27,30.2,17.04,11.96,98.62,4.7,High,cf_df+cagr,15.7,0.0,No recent news,Feed unavailable,"[{""headline"":""No recent news"",""score"":0.0,""label"":""Neutral"",""reason"":""Feed unavailable"",""geo_risk"":false,""pub_date"":"""",""link"":""""}]",False,5.24,50.0,Low,1.54,2026-09-30 20:36,47.9,NEWS: Feed unavailable
CLX,Consumer_Products,81.01,30.6,2.5407,0.88,17.35,163.76,8.73,1.64,-98.0,High,cf_df+cagr,-20.0,0.0,No recent news,Feed unavailable,"[{""headline"":""No recent news"",""score"":0.0,""label"":""Neutral"",""reason"":""Feed unavailable"",""geo_risk"":false,""pub_date"":"""",""link"":""""}]",False,8.1,31.9,Medium,3.14,2026-09-30 20:37,40.4,RED OVERVALUED: Above intrinsic value | NEWS: Feed unavailable
EL,Consumer_Products,92.77,43.4,3.0529,1.13,185.54,4.75,1.21,30.54,-67.1,High,cf_df+cagr,-4.4,0.0,No recent news,Feed unavailable,"[{""headline"":""No recent news"",""score"":0.0,""label"":""Neutral"",""reason"":""Feed unavailable"",""geo_risk"":false,""pub_date"":"""",""link"":""""}]",False,3.22,30.4,Medium,3.29,2026-09-30 20:37,24.3,RED OVERVALUED: Above intrinsic value | NEWS: Feed unavailable
COTY,Consumer_Products,2.61,46.3,0.1075,1.23,0.0,-16.09,-10.42,0.4,-84.7,High,cf_df+cagr,-4.7,0.0,No recent news,Feed unavailable,"[{""headline"":""No recent news"",""score"":0.0,""label"":""Neutral"",""reason"":""Feed unavailable"",""geo_risk"":false,""pub_date"":"""",""link"":""""}]",False,12.91,24.3,Medium,4.12,2026-09-30 20:37,13.6,RED OVERVALUED: Above intrinsic value | NEWS: Feed unavailable
IFF,Consumer_Products,83.48,45.5,1.6265,1.11,0.0,-5.55,2.57,0.49,-99.4,High,cf_df+cagr,-20.0,0.0,No recent news,Feed unavailable,"[{""headline"":""No recent news"",""score"":0.0,""label"":""Neutral"",""reason"":""Feed unavailable"",""geo_risk"":false,""pub_date"":"""",""link"":""""}]",False,8.77,50.0,Low,1.95,2026-09-30 20:37,16.5,RED OVERVALUED: Above intrinsic value | NEWS: Feed unavailable
ENR,Consumer_Products,21.39,49.2,0.7832,1.0,17.97,42.18,2.73,0.45,-97.9,High,cf_df+cagr,-20.0,0.0,No recent news,Feed unavailable,"[{""headline"":""No recent news"",""score"":0.0,""label"":""Neutral"",""reason"":""Feed unavailable"",""geo_risk"":false,""pub_date"":"""",""link"":""""}]",False,11.22,27.3,Medium,3.66,2026-09-30 20:37,31.6,RED OVERVALUED: Above intrinsic value | NEWS: Feed unavailable
SPB,Consumer_Products,79.51,30.7,2.1253,1.19,24.69,4.46,2.76,92.94,16.9,Medium,cf_df,6.1,0.0,No recent news,Feed unavailable,"[{""headline"":""No recent news"",""score"":0.0,""label"":""Neutral"",""reason"":""Feed unavailable"",""geo_risk"":false,""pub_date"":"""",""link"":""""}]",False,19.85,37.4,Medium,2.67,2026-09-30 20:37,46.2,YELLOW FAIR VALUE: Modest upside | SHORT PRESSURE: 19.9% of float | NEWS: Feed unavailable
HRL,Food_Processing,19.94,28.8,0.4436,1.05,32.16,4.29,2.82,2.57,-87.1,High,cf_df+cagr,-14.5,0.0,No recent news,Feed unavailable,"[{""headline"":""No recent news"",""score"":0.0,""label"":""Neutral"",""reason"":""Feed unavailable"",""geo_risk"":false,""pub_date"":"""",""link"":""""}]",False,7.14,45.0,Medium,2.22,2026-09-30 20:37,29.6,RED OVERVALUED: Above intrinsic value | OVERSOLD: RSI < 30 | NEWS: Feed unavailable
CAG,Food_Processing,13.44,23.2,0.4243,2.94,0.0,-25.06,-16.98,32.6,142.5,High,cf_df+cagr,15.6,0.0,No recent news,Feed unavailable,"[{""headline"":""No recent news"",""score"":0.0,""label"":""Neutral"",""reason"":""Feed unavailable"",""geo_risk"":false,""pub_date"":"""",""link"":""""}]",False,10.84,31.7,Medium,3.16,2026-09-30 20:37,60.0,GREEN STRONG VALUE: Deep discount to intrinsic value | OVERSOLD: RSI < 30 | NEWS: Feed unavailable
SJM,Food_Processing,118.91,39.6,2.5326,0.86,55.57,3.93,2.51,204.94,72.3,High,cf_df+cagr,17.3,0.0,No recent news,Feed unavailable,"[{""headline"":""No recent news"",""score"":0.0,""label"":""Neutral"",""reason"":""Feed unavailable"",""geo_risk"":false,""pub_date"":"""",""link"":""""}]",False,4.54,47.0,Medium,2.13,2026-09-30 20:38,60.2,GREEN STRONG VALUE: Deep discount to intrinsic value | NEWS: Feed unavailable
MKC,Food_Processing,46.4,26.8,1.2671,1.68,7.72,24.73,21.91,75.13,61.9,High,cf_df+cagr,23.9,0.0,No recent news,Feed unavailable,"[{""headline"":""No recent news"",""score"":0.0,""label"":""Neutral"",""reason"":""Feed unavailable"",""geo_risk"":false,""pub_date"":"""",""link"":""""}]",False,0.0,36.6,Medium,2.73,2026-09-30 20:38,83.2,GREEN STRONG VALUE: Deep discount to intrinsic value | OVERSOLD: RSI < 30 | HIGH QUALITY: Strong ROE & margins | NEWS: Feed unavailable
TSN,Food_Processing,50.53,31.4,0.9834,0.69,31.19,3.26,1.03,95.54,89.1,High,cf_df+cagr,21.3,0.0,No recent news,Feed unavailable,"[{""headline"":""No recent news"",""score"":0.0,""label"":""Neutral"",""reason"":""Feed unavailable"",""geo_risk"":false,""pub_date"":"""",""link"":""""}]",False,3.44,50.0,Low,1.95,2026-09-30 20:38,63.4,GREEN STRONG VALUE: Deep discount to intrinsic value | NEWS: Feed unavailable
PPC,Food_Processing,27.01,33.4,0.9365,0.98,11.79,14.52,2.96,120.85,347.4,High,cf_df+cagr,35.0,0.0,No recent news,Feed unavailable,"[{""headline"":""No recent news"",""score"":0.0,""label"":""Neutral"",""reason"":""Feed unavailable"",""geo_risk"":false,""pub_date"":"""",""link"":""""}]",False,2.68,28.8,Medium,3.47,2026-09-30 20:38,68.0,GREEN STRONG VALUE: Deep discount to intrinsic value | NEWS: Feed unavailable
FLO,Food_Processing,5.55,25.4,0.2132,0.9,21.35,4.01,1.06,30.06,441.6,High,cf_df+cagr,18.5,0.0,No recent news,Feed unavailable,"[{""headline"":""No recent news"",""score"":0.0,""label"":""Neutral"",""reason"":""Feed unavailable"",""geo_risk"":false,""pub_date"":"""",""link"":""""}]",False,23.63,26.0,Medium,3.84,2026-09-30 20:38,67.5,GREEN STRONG VALUE: Deep discount to intrinsic value | OVERSOLD: RSI < 30 | SHORT PRESSURE: 23.6% of float | NEWS: Feed unavailable
CALM,Food_Processing,68.06,26.8,2.1225,2.71,10.27,12.22,10.88,54.28,-20.2,High,cf_df+cagr,-20.0,0.0,No recent news,Feed unavailable,"[{""headline"":""No recent news"",""score"":0.0,""label"":""Neutral"",""reason"":""Feed unavailable"",""geo_risk"":false,""pub_date"":"""",""link"":""""}]",False,12.86,32.1,Medium,3.12,2026-09-30 20:38,43.3,RED OVERVALUED: Above intrinsic value | OVERSOLD: RSI < 30 | NEWS: Feed unavailable
SEB,Food_Processing,3948.0,36.8,125.6093,0.56,5.98,12.33,6.17,3.07,-99.9,High,cf_df+cagr,-20.0,0.0,No recent news,Feed unavailable,"[{""headline"":""No recent news"",""score"":0.0,""label"":""Neutral"",""reason"":""Feed unavailable"",""geo_risk"":false,""pub_date"":"""",""link"":""""}]",False,8.0,31.4,Medium,3.18,2026-09-30 20:38,25.8,RED OVERVALUED: Above intrinsic value | NEWS: Feed unavailable
JJSF,Food_Processing,76.45,31.6,1.9021,0.98,29.63,5.29,3.23,76.48,0.0,High,cf_df+cagr,10.4,0.0,No recent news,Feed unavailable,"[{""headline"":""No recent news"",""score"":0.0,""label"":""Neutral"",""reason"":""Feed unavailable"",""geo_risk"":false,""pub_date"":"""",""link"":""""}]",False,16.36,40.2,Medium,2.49,2026-09-30 20:38,35.2,SHORT PRESSURE: 16.4% of float | NEWS: Feed unavailable
SENEA,Food_Processing,178.0,41.4,6.1304,1.1,10.29,16.82,6.75,1578.98,787.1,Medium,cf_df,34.3,0.0,No recent news,Feed unavailable,"[{""headline"":""No recent news"",""score"":0.0,""label"":""Neutral"",""reason"":""Feed unavailable"",""geo_risk"":false,""pub_date"":"""",""link"":""""}]",False,5.03,29.0,Medium,3.44,2026-09-30 20:39,65.4,GREEN STRONG VALUE: Deep discount to intrinsic value | NEWS: Feed unavailable
SENEB,Food_Processing,179.84,33.8,0.98,1.94,10.4,16.82,6.75,5321.55,2859.0,Medium,cf_df,34.3,0.0,No recent news,Feed unavailable,"[{""headline"":""No recent news"",""score"":0.0,""label"":""Neutral"",""reason"":""Feed unavailable"",""geo_risk"":false,""pub_date"":"""",""link"":""""}]",False,0.13,50.0,Low,0.54,2026-09-30 20:39,72.6,GREEN STRONG VALUE: Deep discount to intrinsic value | NEWS: Feed unavailable
USFD,Food_Distribution,92.21,29.1,2.4309,0.81,28.37,16.35,1.81,119.07,29.1,High,cf_df+cagr,24.2,0.0,No recent news,Feed unavailable,"[{""headline"":""No recent news"",""score"":0.0,""label"":""Neutral"",""reason"":""Feed unavailable"",""geo_risk"":false,""pub_date"":"""",""link"":""""}]",False,5.54,37.9,Medium,2.64,2026-09-30 20:39,60.2,YELLOW FAIR VALUE: Modest upside | OVERSOLD: RSI < 30 | NEWS: Feed unavailable
SYY,Food_Distribution,77.96,38.4,1.6379,0.96,21.3,77.69,2.08,17.32,-77.8,High,cf_df+cagr,-2.3,0.0,No recent news,Feed unavailable,"[{""headline"":""No recent news"",""score"":0.0,""label"":""Neutral"",""reason"":""Feed unavailable"",""geo_risk"":false,""pub_date"":"""",""link"":""""}]",False,2.93,47.6,Medium,2.1,2026-09-30 20:39,38.4,RED OVERVALUED: Above intrinsic value | NEWS: Feed unavailable
PFGC,Food_Distribution,91.51,34.5,2.2032,0.92,39.96,7.67,0.56,144.4,57.8,High,cf_df+cagr,22.0,0.0,No recent news,Feed unavailable,"[{""headline"":""No recent news"",""score"":0.0,""label"":""Neutral"",""reason"":""Feed unavailable"",""geo_risk"":false,""pub_date"":"""",""link"":""""}]",False,5.02,41.5,Medium,2.41,2026-09-30 20:39,64.5,GREEN STRONG VALUE: Deep discount to intrinsic value | NEWS: Feed unavailable
CHEF,Food_Distribution,112.17,55.1,3.8039,1.69,53.41,15.25,2.09,82.74,-26.2,High,cf_df+cagr,35.0,0.0,No recent news,Feed unavailable,"[{""headline"":""No recent news"",""score"":0.0,""label"":""Neutral"",""reason"":""Feed unavailable"",""geo_risk"":false,""pub_date"":"""",""link"":""""}]",False,15.02,29.5,Medium,3.39,2026-09-30 20:39,28.2,RED OVERVALUED: Above intrinsic value | SHORT PRESSURE: 15.0% of float | NEWS: Feed unavailable
KRUS,Food_Distribution,40.81,49.2,2.0538,1.49,0.0,-0.91,-0.65,6.07,-85.1,Low,info_ocf,-8.8,0.0,No recent news,Feed unavailable,"[{""headline"":""No recent news"",""score"":0.0,""label"":""Neutral"",""reason"":""Feed unavailable"",""geo_risk"":false,""pub_date"":"""",""link"":""""}]",False,23.48,19.9,High,5.03,2026-09-30 20:39,19.2,RED OVERVALUED: Above intrinsic value | SHORT PRESSURE: 23.5% of float | NEWS: Feed unavailable
